<?xml version="1.0" encoding="UTF-8"?>
<addon id="skin.mirabilis" version="4.7.14.1" name="Mirabilis" provider-name="Pascal, Jezz_X, Team Kodi">
	<requires>
	<!-- Commenting xbmc.python allows install on all versions of Kodi -->
	<!-- <import addon="xbmc.gui" version="5.15.0"/> -->
	</requires>
	<extension point="xbmc.gui.skin" debugging="false" effectslowdown="1.0">
		<res width="1280" height="720" aspect="16:9" default="true" folder="1080p" />
	</extension>
	<extension point="xbmc.addon.metadata">
		<summary lang="en_AU">Mirabilis skin by Pascal based on Confluence. update 20 jan. 2023</summary>
		<summary lang="en_GB">Mirabilis skin by Pascal based on Confluence. update 20 jan. 2023</summary>
		<summary lang="en_NZ">Mirabilis skin by Pascal based on Confluence. update 20 jan. 2023</summary>
		<summary lang="en_US">Mirabilis skin by Pascal based on Confluence. update 20 jan. 2023</summary>
		<summary lang="nl_NL">Mirabilis skin door Pascal gebaseerd op Confuence van Jezz_X. update 20 jan. 2023</summary>
		<description lang="en_AU">Mirabilis is my Confluence redesign skin for Kodi 9.11 and above. update 20 jan. 2023</description>
		<description lang="en_GB">Mirabilis is my Confluence redesign skin for Kodi 9.11 and above. update 20 jan. 2023</description>
		<description lang="en_NZ">Mirabilis is my Confluence redesign skin for Kodi 9.11 and above. update 20 jan. 2023</description>
		<description lang="en_US">Mirabilis is my Confluence redesign skin for Kodi 9.11 and above. update 20 jan. 2023</description>
		<description lang="nl_NL">Mirabilis is mijn Confluence redesign skin voor Kodi 9.11 en hoger. update 20 jan. 2023</description>
		<platform>all</platform>
		<license>GNU General Public License version 2</license>
		<forum>https://forum.kodi.tv/forumdisplay.php?fid=125</forum>
		<source>https://github.com/pascaltherascal/skin.mirabilis/</source>
		<assets>
			<icon>resources/icon.png</icon>
			<fanart>resources/fanart.jpg</fanart>
			<screenshot>resources/screenshot-01.jpg</screenshot>
			<screenshot>resources/screenshot-02.jpg</screenshot>
			<screenshot>resources/screenshot-03.jpg</screenshot>
			<screenshot>resources/screenshot-04.jpg</screenshot>
			<screenshot>resources/screenshot-05.jpg</screenshot>
			<screenshot>resources/screenshot-06.jpg</screenshot>
			<screenshot>resources/screenshot-07.jpg</screenshot>
			<screenshot>resources/screenshot-08.jpg</screenshot>
			<screenshot>resources/screenshot-09.jpg</screenshot>
		</assets>
		<news>Skin ready for Leia, Matrix and Nexus with some icon and layout updates. 20 jan. 2023</news>
	</extension>
</addon>
