<?xml version="1.0" encoding="UTF-8"?>
<colors>
		<color name="white">FFF1F1F1</color>
		<color name="grey">FFb4b4b4</color>
		<color name="grey2">FF999999</color>
		<color name="grey3">FF505050</color>
		<color name="grey4">FF444444</color>
		<color name="black">FF000000</color>
		<color name="blue">FF0059B2</color>
		<color name="blue2">FF0070DF</color>		
		<color name="selected">FFEB9E17</color>
		<color name="invalid">FFFF0000</color>
		<color name="disabled">40FFFFFF</color>
</colors>
