<?xml version="1.0" encoding="UTF-8"?>
<window>
		<animation effect="fade" time="75">WindowOpen</animation>
		<animation effect="fade" time="150">WindowClose</animation>
		<coordinates>
				<left>0</left>
				<top>0</top>
		</coordinates>
		<controls>
				<control type="group">
						<depth>DepthDialog+</depth>
						<left>910r</left>
						<top>651</top>
						<control type="image">
								<description>background image</description>
								<left>0</left>
								<top>0</top>
								<width>180</width>
								<height>70</height>
								<!--><texture border="20">OverlayDialogBackground.png</texture>-->
						</control>
						<control type="image">
								<description>Busy animation</description>
								<left>20</left>
								<top>20</top>
								<width>32</width>
								<height>32</height>
								<texture>busy.png</texture>
								<aspectratio>keep</aspectratio>
								<animation effect="rotate" start="360" end="0" center="36,36" time="900" loop="true" condition="true">conditional</animation>
						</control>
						<control type="label">
								<description>Busy label</description>
								<left>75</left>
								<top>20</top>
								<width>120</width>
								<height>32</height>
								<align>left</align>
								<aligny>center</aligny>
								<label>$LOCALIZE[31004]</label>
								<font>font12</font>
						</control>
						<!--<control type="progress" id="10">
								<description>Progressbar</description>
								<left>0</left>
								<top>61</top>
								<width>180</width>
								<height>8</height>
						</control>-->
				</control>
		</controls>
</window>
