<?xml version="1.0" encoding="UTF-8"?>
<window>
		<defaultcontrol always="true">8</defaultcontrol>
		<controls>
				<control type="group">
						<depth>DepthSideBlade</depth>
						<visible>!Window.IsVisible(FileBrowser)</visible>
						<animation effect="slide" start="1100,0" end="0,0" time="300" tween="quadratic" easing="out">WindowOpen</animation>
						<animation effect="slide" start="0,0" end="1100,0" time="300" tween="quadratic" easing="out">WindowClose</animation>
						<control type="image">
								<left>180</left>
								<top>0</top>
								<width>1120</width>
								<height>720</height>
								<texture border="15,0,0,0" flipx="true">MediaBladeSub.png</texture>
						</control>
						<control type="button">
								<description>Close Window button</description>
								<left>230</left>
								<top>0</top>
								<width>32</width>
								<height>32</height>
								<label/>
								<font/>
								<onclick>PreviousMenu</onclick>
								<texturefocus>DialogCloseButton-focus.png</texturefocus>
								<texturenofocus>DialogCloseButton.png</texturenofocus>
								<onleft>9000</onleft>
								<onright>9000</onright>
								<onup>9000</onup>
								<ondown>9000</ondown>
								<visible>system.getbool(input.enablemouse)</visible>
						</control>
						<control type="group">
								<animation effect="fade" delay="300" start="0" end="100" time="150">WindowOpen</animation>
								<animation effect="fade" start="100" end="0" time="150">WindowClose</animation>
								<control type="label">
										<description>header label</description>
										<left>210</left>
										<top>40</top>
										<width>1030</width>
										<height>30</height>
										<font>font24_title</font>
										<label>$INFO[Listitem.Title]</label>
										<align>center</align>
										<aligny>center</aligny>
										<textcolor>white</textcolor>
								</control>
								<control type="grouplist">
										<description>Media Codec Flagging Images</description>
										<left>200</left>
										<top>480</top>
										<width>600</width>
										<align>left</align>
										<itemgap>2</itemgap>
										<orientation>horizontal</orientation>
										<include>VisibleFadeEffect</include>
										<visible>!Control.IsVisible(50) + [String.IsEqual(ListItem.DBTYPE,movie) | String.IsEqual(ListItem.DBTYPE,episode) | String.IsEqual(ListItem.DBTYPE,musicvideo)]</visible>
										<include>VideoCodecFlaggingConditions</include>
										<include>AudioCodecFlaggingConditions</include>
										<include>AudioChannelsFlaggingConditions</include>
										<include>AspectCodecFlaggingConditions</include>
										<include>VideoStereoscopicsFlaggingConditions</include>
										<include>VideoTypeHackFlaggingConditions</include>
								</control>
								<control type="group">
										<top>90</top>
										<left>387</left>
										<visible>Control.HasFocus(15)</visible>
										<include>VisibleFadeEffect</include>
										<control type="image">
												<description>Border</description>
												<left>0</left>
												<top>0</top>
												<width>675</width>
												<height>380</height>
												<texture border="5">button-nofocus.png</texture>
										</control>
										<control type="image">
												<description>background</description>
												<left>5</left>
												<top>5</top>
												<width>665</width>
												<height>370</height>
												<texture>black-back.png</texture>
										</control>
										<control type="label">
												<left>0</left>
												<top>0</top>
												<width>675</width>
												<height>380</height>
												<font>font30_title</font>
												<textcolor>grey2</textcolor>
												<align>center</align>
												<aligny>center</aligny>
												<label>31330</label>
												<visible>!Player.HasVideo</visible>
										</control>
										<control type="videowindow">
												<description>No Fanart Back</description>
												<left>5</left>
												<top>5</top>
												<width>665</width>
												<height>370</height>
												<visible>Player.HasVideo</visible>
										</control>
								</control>
								<control type="group">
										<visible>[!String.IsEqual(ListItem.DBTYPE,tvshow) + !String.IsEqual(ListItem.DBTYPE,episode) + !String.IsEqual(ListItem.DBTYPE,musicvideo)] + ![Control.HasFocus(12) | Control.HasFocus(15)]</visible>
										<top>90</top>
										<left>210</left>
										<include>VisibleFadeEffect</include>
										<control type="image">
												<left>0</left>
												<top>0</top>
												<width>270</width>
												<height>380</height>
												<aspectratio>stretch</aspectratio>
												<bordertexture border="5">button-nofocus.png</bordertexture>
												<bordersize>5</bordersize>
												<texture background="true">$VAR[PosterThumb]</texture>
										</control>
										<control type="image">
												<left>4</left>
												<top>4</top>
												<width>200</width>
												<height>230</height>
												<aspectratio>stretch</aspectratio>
												<texture>GlassOverlay.png</texture>
												<colordiffuse>AAFFFFFF</colordiffuse>
										</control>
										<control type="list" id="49">
												<left>290</left>
												<top>-4</top>
												<width>740</width>
												<height>390</height>
												<onleft>49</onleft>
												<onright>49</onright>
												<onup>9000</onup>
												<ondown>61</ondown>
												<pagecontrol/>
												<scrolltime>200</scrolltime>
												<itemlayout height="30">
														<control type="label">
																<left>5</left>
																<top>0</top>
																<width>160</width>
																<height>30</height>
																<font>font13</font>
																<align>right</align>
																<aligny>center</aligny>
																<textcolor>blue</textcolor>
																<selectedcolor>selected</selectedcolor>
																<info>ListItem.Label</info>
														</control>
														<control type="label">
																<left>175</left>
																<top>0</top>
																<width>565</width>
																<height>30</height>
																<font>font13</font>
																<align>left</align>
																<aligny>center</aligny>
																<textcolor>white</textcolor>
																<selectedcolor>white</selectedcolor>
																<info>ListItem.Label2</info>
														</control>
												</itemlayout>
												<focusedlayout height="30">
														<control type="image">
																<left>0</left>
																<top>0</top>
																<width>740</width>
																<height>30</height>
																<visible>Control.HasFocus(49)</visible>
																<texture>MenuItemFO.png</texture>
																<include>VisibleFadeEffect</include>
														</control>
														<control type="label">
																<left>5</left>
																<top>0</top>
																<width>160</width>
																<height>30</height>
																<font>font13</font>
																<align>right</align>
																<aligny>center</aligny>
																<textcolor>blue</textcolor>
																<selectedcolor>selected</selectedcolor>
																<info>ListItem.Label</info>
														</control>
														<control type="label">
																<left>175</left>
																<top>0</top>
																<width>565</width>
																<height>30</height>
																<font>font13</font>
																<align>left</align>
																<aligny>center</aligny>
																<textcolor>white</textcolor>
																<selectedcolor>white</selectedcolor>
																<info>ListItem.Label2</info>
														</control>
												</focusedlayout>
												<content>
														<item>
																<label>$LOCALIZE[20376]:</label>
																<label2>$INFO[ListItem.OriginalTitle]</label2>
																<visible>!String.IsEmpty(ListItem.OriginalTitle) + !String.IsEqual(ListItem.OriginalTitle,Listitem.Title)</visible>
														</item>
														<item>
																<label>$LOCALIZE[20339]:</label>
																<label2>$INFO[ListItem.Director]</label2>
																<onclick>SendClick(2003,13)</onclick>
																<visible>!String.IsEmpty(ListItem.Director)</visible>
														</item>
														<item>
																<label>$LOCALIZE[20417]:</label>
																<label2>$INFO[ListItem.Writer]</label2>
																<visible>!String.IsEmpty(ListItem.Writer)</visible>
														</item>
														<item>
																<label>$LOCALIZE[572]:</label>
																<label2>$INFO[ListItem.Studio]</label2>
																<visible>!String.IsEmpty(ListItem.Studio)</visible>
														</item>
														<item>
																<label>$LOCALIZE[515]:</label>
																<label2>$INFO[ListItem.Genre]</label2>
																<visible>!String.IsEmpty(ListItem.Genre)</visible>
														</item>
														<item>
																<label>$LOCALIZE[562]:</label>
																<label2>$INFO[ListItem.Year]</label2>
																<visible>!String.IsEmpty(ListItem.Year)</visible>
														</item>
														<item>
																<label>$LOCALIZE[2050]:</label>
																<label2>$VAR[DurationInMinutes]</label2>
																<visible>!String.IsEmpty(ListItem.Duration)</visible>
														</item>
														<item>
																<label>$LOCALIZE[38018]:</label>
																<label2>$INFO[ListItem.Userrating]</label2>
																<visible>!String.IsEmpty(ListItem.Userrating)</visible>
														</item>
														<item>
																<label>$LOCALIZE[563]:</label>
																<label2>$INFO[ListItem.RatingAndVotes]</label2>
																<visible>!String.IsEmpty(ListItem.RatingAndVotes)</visible>
														</item>
														<item>
																<label>$LOCALIZE[202]:</label>
																<label2>$INFO[ListItem.TagLine]</label2>
																<visible>!String.IsEmpty(ListItem.TagLine)</visible>
														</item>
														<item>
																<label>$LOCALIZE[203]:</label>
																<label2>$INFO[ListItem.PlotOutline]</label2>
																<visible>!String.IsEmpty(ListItem.PlotOutline)</visible>
														</item>
														<item>
																<label>$LOCALIZE[20074]:</label>
																<label2>$INFO[ListItem.mpaa]</label2>
																<visible>!String.IsEmpty(ListItem.mpaa)</visible>
														</item>
														<item>
																<label>$LOCALIZE[15311]</label>
																<label2>$INFO[ListItem.FilenameAndPath]</label2>
																<visible>!String.IsEmpty(ListItem.FilenameAndPath)</visible>
														</item>
												</content>
										</control>
										<control type="image">
												<left>290</left>
												<top>382</top>
												<width>740</width>
												<height>4</height>
												<aspectratio>stretch</aspectratio>
												<texture>separator.png</texture>
										</control>
								</control>
								<control type="group">
										<visible>String.IsEqual(ListItem.DBTYPE,tvshow) + !Control.HasFocus(12)</visible>
										<top>90</top>
										<left>210</left>
										<include>VisibleFadeEffect</include>
										<control type="image">
												<left>0</left>
												<top>0</top>
												<width>270</width>
												<height>380</height>
												<aspectratio>stretch</aspectratio>
												<bordertexture border="5">button-nofocus.png</bordertexture>
												<bordersize>5</bordersize>
												<texture background="true">$VAR[PosterThumb]</texture>
										</control>
										<control type="image">
												<left>4</left>
												<top>4</top>
												<width>200</width>
												<height>230</height>
												<aspectratio>stretch</aspectratio>
												<texture>GlassOverlay.png</texture>
												<colordiffuse>AAFFFFFF</colordiffuse>
										</control>
										<control type="list" id="49">
												<left>290</left>
												<top>20</top>
												<width>740</width>
												<height>330</height>
												<onleft>49</onleft>
												<onright>49</onright>
												<onup>9000</onup>
												<ondown>61</ondown>
												<pagecontrol/>
												<scrolltime>200</scrolltime>
												<itemlayout height="30">
														<control type="label">
																<left>5</left>
																<top>0</top>
																<width>160</width>
																<height>30</height>
																<font>font13</font>
																<align>right</align>
																<aligny>center</aligny>
																<textcolor>blue</textcolor>
																<selectedcolor>selected</selectedcolor>
																<info>ListItem.Label</info>
														</control>
														<control type="label">
																<left>175</left>
																<top>0</top>
																<width>565</width>
																<height>30</height>
																<font>font13</font>
																<align>left</align>
																<aligny>center</aligny>
																<textcolor>white</textcolor>
																<selectedcolor>white</selectedcolor>
																<info>ListItem.Label2</info>
														</control>
												</itemlayout>
												<focusedlayout height="30">
														<control type="image">
																<left>0</left>
																<top>0</top>
																<width>740</width>
																<height>30</height>
																<visible>Control.HasFocus(49)</visible>
																<texture>MenuItemFO.png</texture>
																<include>VisibleFadeEffect</include>
														</control>
														<control type="label">
																<left>5</left>
																<top>0</top>
																<width>160</width>
																<height>30</height>
																<font>font13</font>
																<align>right</align>
																<aligny>center</aligny>
																<textcolor>blue</textcolor>
																<selectedcolor>selected</selectedcolor>
																<info>ListItem.Label</info>
														</control>
														<control type="label">
																<left>175</left>
																<top>0</top>
																<width>565</width>
																<height>30</height>
																<font>font13</font>
																<align>left</align>
																<aligny>center</aligny>
																<textcolor>white</textcolor>
																<selectedcolor>white</selectedcolor>
																<info>ListItem.Label2</info>
														</control>
												</focusedlayout>
												<content>
														<item>
																<label>$LOCALIZE[20360]:</label>
																<label2>$INFO[listitem.episode] [COLOR=grey] ($INFO[ListItem.Property(WatchedEpisodes),, $LOCALIZE[16102]] - $INFO[ListItem.Property(UnWatchedEpisodes), , $LOCALIZE[16101]])[/COLOR]</label2>
																<visible>!String.IsEmpty(ListItem.Episode)</visible>
														</item>
														<item>
																<label>$LOCALIZE[31322]:</label>
																<label2>$INFO[ListItem.Premiered]</label2>
																<visible>!String.IsEmpty(ListItem.Premiered)</visible>
														</item>
														<item>
																<label>$LOCALIZE[515]:</label>
																<label2>$INFO[ListItem.Genre]</label2>
																<visible>!String.IsEmpty(ListItem.Genre)</visible>
														</item>
														<item>
																<label>$LOCALIZE[562]:</label>
																<label2>$INFO[ListItem.Year]</label2>
																<visible>!String.IsEmpty(ListItem.Year)</visible>
														</item>
														<item>
																<label>$LOCALIZE[38018]:</label>
																<label2>$INFO[ListItem.Userrating]</label2>
																<visible>!String.IsEmpty(ListItem.Userrating)</visible>
														</item>
														<item>
																<label>$LOCALIZE[563]:</label>
																<label2>$INFO[ListItem.RatingAndVotes]</label2>
																<visible>!String.IsEmpty(ListItem.RatingAndVotes)</visible>
														</item>
														<item>
																<label>$LOCALIZE[15311]</label>
																<label2>$INFO[ListItem.FilenameAndPath]</label2>
																<visible>!String.IsEmpty(ListItem.FilenameAndPath)</visible>
														</item>
												</content>
										</control>
										<control type="image">
												<left>290</left>
												<top>370</top>
												<width>740</width>
												<height>4</height>
												<aspectratio>stretch</aspectratio>
												<texture>separator.png</texture>
										</control>
								</control>
								<control type="group">
										<visible>String.IsEqual(ListItem.DBTYPE,episode) + !Control.HasFocus(12)</visible>
										<top>90</top>
										<left>210</left>
										<include>VisibleFadeEffect</include>
										<control type="image">
												<left>0</left>
												<top>0</top>
												<width>380</width>
												<height>250</height>
												<aspectratio aligny="bottom">keep</aspectratio>
												<bordertexture border="5">button-nofocus.png</bordertexture>
												<bordersize>5</bordersize>
												<texture background="true">$INFO[ListItem.Icon]</texture>
										</control>
										<control type="image">
												<left>0</left>
												<top>250</top>
												<width>380</width>
												<height>250</height>
												<aspectratio aligny="top">keep</aspectratio>
												<bordertexture border="5" flipy="true" diffuse="diffuse_mirror2.png">button-nofocus.png</bordertexture>
												<bordersize>5</bordersize>
												<texture background="true" flipy="true" diffuse="diffuse_mirror2.png">$INFO[ListItem.Icon]</texture>
										</control>
										<control type="list" id="49">
												<left>390</left>
												<top>0</top>
												<width>640</width>
												<height>360</height>
												<onleft>49</onleft>
												<onright>49</onright>
												<onup>9000</onup>
												<ondown>61</ondown>
												<pagecontrol/>
												<scrolltime>200</scrolltime>
												<itemlayout height="30">
														<control type="label">
																<left>5</left>
																<top>0</top>
																<width>160</width>
																<height>30</height>
																<font>font13</font>
																<align>right</align>
																<aligny>center</aligny>
																<textcolor>blue</textcolor>
																<selectedcolor>selected</selectedcolor>
																<info>ListItem.Label</info>
														</control>
														<control type="label">
																<left>175</left>
																<top>0</top>
																<width>465</width>
																<height>30</height>
																<font>font13</font>
																<align>left</align>
																<aligny>center</aligny>
																<textcolor>white</textcolor>
																<selectedcolor>white</selectedcolor>
																<info>ListItem.Label2</info>
														</control>
												</itemlayout>
												<focusedlayout height="30">
														<control type="image">
																<left>0</left>
																<top>0</top>
																<width>640</width>
																<height>30</height>
																<visible>Control.HasFocus(49)</visible>
																<texture>MenuItemFO.png</texture>
																<include>VisibleFadeEffect</include>
														</control>
														<control type="label">
																<left>5</left>
																<top>0</top>
																<width>160</width>
																<height>30</height>
																<font>font13</font>
																<align>right</align>
																<aligny>center</aligny>
																<textcolor>blue</textcolor>
																<selectedcolor>selected</selectedcolor>
																<info>ListItem.Label</info>
														</control>
														<control type="label">
																<left>175</left>
																<top>0</top>
																<width>465</width>
																<height>30</height>
																<font>font13</font>
																<align>left</align>
																<aligny>center</aligny>
																<textcolor>white</textcolor>
																<selectedcolor>white</selectedcolor>
																<info>ListItem.Label2</info>
														</control>
												</focusedlayout>
												<content>
														<item>
																<label>$LOCALIZE[20364]:</label>
																<label2>$INFO[ListItem.TVShowTitle]</label2>
																<visible>!String.IsEmpty(ListItem.TVShowTitle)</visible>
														</item>
														<item>
																<label>$LOCALIZE[20373]:</label>
																<label2>$INFO[ListItem.Season]</label2>
																<visible>!String.IsEmpty(ListItem.Season)</visible>
														</item>
														<item>
																<label>$LOCALIZE[20359]:</label>
																<label2>$INFO[ListItem.Episode]</label2>
																<visible>!String.IsEmpty(ListItem.Episode)</visible>
														</item>
														<item>
																<label>$LOCALIZE[31322]:</label>
																<label2>$INFO[ListItem.Premiered]</label2>
																<visible>!String.IsEmpty(ListItem.Premiered)</visible>
														</item>
														<item>
																<label>$LOCALIZE[515]:</label>
																<label2>$INFO[ListItem.Genre]</label2>
																<visible>!String.IsEmpty(ListItem.Genre)</visible>
														</item>
														<item>
																<label>$LOCALIZE[20339]:</label>
																<label2>$INFO[ListItem.Director]</label2>
																<onclick>SendClick(2003,13)</onclick>
																<visible>!String.IsEmpty(ListItem.Director)</visible>
														</item>
														<item>
																<label>$LOCALIZE[20417]:</label>
																<label2>$INFO[ListItem.Writer]</label2>
																<visible>!String.IsEmpty(ListItem.Writer)</visible>
														</item>
														<item>
																<label>$LOCALIZE[562]:</label>
																<label2>$INFO[ListItem.Year]</label2>
																<visible>!String.IsEmpty(ListItem.Year)</visible>
														</item>
														<item>
																<label>$LOCALIZE[2050]:</label>
																<label2>$VAR[DurationInMinutes]</label2>
																<visible>!String.IsEmpty(ListItem.Duration)</visible>
														</item>
														<item>
																<label>$LOCALIZE[38018]:</label>
																<label2>$INFO[ListItem.Userrating]</label2>
																<visible>!String.IsEmpty(ListItem.Userrating)</visible>
														</item>
														<item>
																<label>$LOCALIZE[563]:</label>
																<label2>$INFO[ListItem.RatingAndVotes]</label2>
																<visible>!String.IsEmpty(ListItem.RatingAndVotes)</visible>
														</item>
														<item>
																<label>$LOCALIZE[15311]</label>
																<label2>$INFO[ListItem.FilenameAndPath]</label2>
																<visible>!String.IsEmpty(ListItem.FilenameAndPath)</visible>
														</item>
												</content>
										</control>
										<control type="image">
												<left>290</left>
												<top>370</top>
												<width>740</width>
												<height>4</height>
												<aspectratio>stretch</aspectratio>
												<texture>separator.png</texture>
										</control>
								</control>
								<control type="group">
										<visible>String.IsEqual(ListItem.DBTYPE,musicvideo) + !Control.HasFocus(12)</visible>
										<top>90</top>
										<left>210</left>
										<include>VisibleFadeEffect</include>
										<control type="image">
												<left>0</left>
												<top>0</top>
												<width>380</width>
												<height>360</height>
												<aspectratio>keep</aspectratio>
												<bordertexture border="5">button-nofocus.png</bordertexture>
												<bordersize>5</bordersize>
												<texture background="true">$INFO[ListItem.Icon]</texture>
										</control>
										<control type="list" id="49">
												<left>390</left>
												<top>20</top>
												<width>640</width>
												<height>330</height>
												<onleft>49</onleft>
												<onright>49</onright>
												<onup>9000</onup>
												<ondown>61</ondown>
												<pagecontrol/>
												<scrolltime>200</scrolltime>
												<itemlayout height="30">
														<control type="label">
																<left>5</left>
																<top>0</top>
																<width>160</width>
																<height>30</height>
																<font>font13</font>
																<align>right</align>
																<aligny>center</aligny>
																<textcolor>blue</textcolor>
																<selectedcolor>selected</selectedcolor>
																<info>ListItem.Label</info>
														</control>
														<control type="label">
																<left>175</left>
																<top>0</top>
																<width>465</width>
																<height>30</height>
																<font>font13</font>
																<align>left</align>
																<aligny>center</aligny>
																<textcolor>white</textcolor>
																<selectedcolor>white</selectedcolor>
																<info>ListItem.Label2</info>
														</control>
												</itemlayout>
												<focusedlayout height="30">
														<control type="image">
																<left>0</left>
																<top>0</top>
																<width>640</width>
																<height>30</height>
																<visible>Control.HasFocus(49)</visible>
																<texture>MenuItemFO.png</texture>
																<include>VisibleFadeEffect</include>
														</control>
														<control type="label">
																<left>5</left>
																<top>0</top>
																<width>160</width>
																<height>30</height>
																<font>font13</font>
																<align>right</align>
																<aligny>center</aligny>
																<textcolor>blue</textcolor>
																<selectedcolor>selected</selectedcolor>
																<info>ListItem.Label</info>
														</control>
														<control type="label">
																<left>175</left>
																<top>0</top>
																<width>465</width>
																<height>30</height>
																<font>font13</font>
																<align>left</align>
																<aligny>center</aligny>
																<textcolor>white</textcolor>
																<selectedcolor>white</selectedcolor>
																<info>ListItem.Label2</info>
														</control>
												</focusedlayout>
												<content>
														<item>
																<label>$LOCALIZE[557]:</label>
																<label2>$INFO[ListItem.Artist]</label2>
																<visible>!String.IsEmpty(ListItem.Artist)</visible>
														</item>
														<item>
																<label>$LOCALIZE[558]:</label>
																<label2>$INFO[ListItem.Album]</label2>
																<visible>!String.IsEmpty(ListItem.Album)</visible>
														</item>
														<item>
																<label>$LOCALIZE[515]:</label>
																<label2>$INFO[ListItem.Genre]</label2>
																<visible>!String.IsEmpty(ListItem.Genre)</visible>
														</item>
														<item>
																<label>$LOCALIZE[572]:</label>
																<label2>$INFO[ListItem.Studio]</label2>
																<visible>!String.IsEmpty(ListItem.Studio)</visible>
														</item>
														<item>
																<label>$LOCALIZE[20417]:</label>
																<label2>$INFO[ListItem.Writer]</label2>
																<visible>!String.IsEmpty(ListItem.Writer)</visible>
														</item>
														<item>
																<label>$LOCALIZE[20339]:</label>
																<label2>$INFO[ListItem.Director]</label2>
																<visible>!String.IsEmpty(ListItem.Director)</visible>
														</item>
														<item>
																<label>$LOCALIZE[562]:</label>
																<label2>$INFO[ListItem.Year]</label2>
																<visible>!String.IsEmpty(ListItem.Year)</visible>
														</item>
														<item>
																<label>$LOCALIZE[2050]:</label>
																<label2>$VAR[DurationInMinutes]</label2>
																<visible>!String.IsEmpty(ListItem.Duration)</visible>
														</item>
														<item>
																<label>$LOCALIZE[38018]:</label>
																<label2>$INFO[ListItem.Userrating]</label2>
																<visible>!String.IsEmpty(ListItem.Userrating)</visible>
														</item>
														<item>
																<label>$LOCALIZE[15311]</label>
																<label2>$INFO[ListItem.FilenameAndPath]</label2>
																<visible>!String.IsEmpty(ListItem.FilenameAndPath)</visible>
														</item>
												</content>
										</control>
										<control type="image">
												<left>390</left>
												<top>370</top>
												<width>640</width>
												<height>4</height>
												<aspectratio>stretch</aspectratio>
												<texture>separator.png</texture>
										</control>
								</control>
								<control type="label">
										<right>130</right>
										<top>480</top>
										<width>400</width>
										<height>30</height>
										<font>font13_title</font>
										<textcolor>grey2</textcolor>
										<scroll>true</scroll>
										<align>right</align>
										<aligny>center</aligny>
										<label>[COLOR=blue]$LOCALIZE[207][/COLOR]$INFO[Container(400).CurrentPage, ( $LOCALIZE[31024] ]$INFO[Container(400).NumPages,/, )]</label>
										<visible>Control.IsVisible(400)</visible>
								</control>
								<control type="label">
										<right>130</right>
										<top>480</top>
										<width>400</width>
										<height>30</height>
										<font>font13_title</font>
										<textcolor>grey2</textcolor>
										<scroll>true</scroll>
										<align>right</align>
										<aligny>center</aligny>
										<label>[COLOR=blue]$LOCALIZE[206][/COLOR]$INFO[Container(50).CurrentPage, ( $LOCALIZE[31024] ]$INFO[Container(50).NumPages,/, )]</label>
										<visible>Control.IsVisible(50)</visible>
								</control>
								<control type="spincontrol" id="61">
										<description>Next page button</description>
										<left>120r</left>
										<top>485</top>
										<subtype>page</subtype>
										<font/>
										<onleft>61</onleft>
										<onright>61</onright>
										<ondown>9000</ondown>
										<onup>49</onup>
										<textcolor/>
										<showonepage>true</showonepage>
								</control>
								<control type="textbox" id="400">
										<description>Description Value for Movies</description>
										<left>210</left>
										<top>527</top>
										<width>1030</width>
										<height>120</height>
										<font>font13</font>
										<align>justify</align>
										<textcolor>white</textcolor>
										<pagecontrol>61</pagecontrol>
										<label>$INFO[ListItem.Plot]</label>
										<autoscroll time="3000" delay="4000" repeat="5000">!Control.HasFocus(61) + Skin.HasSetting(AutoScroll)</autoscroll>
										<visible>!Control.IsVisible(50)</visible>
								</control>
								<control type="image">
										<description>Actor image</description>
										<left>210</left>
										<top>480</top>
										<width>160</width>
										<height>160</height>
										<texture>$INFO[Container(50).Listitem.Icon]</texture>
										<aspectratio>keep</aspectratio>
										<visible>Control.IsVisible(50)</visible>
								</control>
								<control type="panel" id="50">
										<left>380</left>
										<top>520</top>
										<width>860</width>
										<height>120</height>
										<onleft>9000</onleft>
										<onright>61</onright>
										<onup>61</onup>
										<ondown>9000</ondown>
										<viewtype label="">list</viewtype>
										<pagecontrol>61</pagecontrol>
										<scrolltime>200</scrolltime>
										<orientation>vertical</orientation>
										<itemlayout height="40" width="430">
												<control type="image">
														<left>0</left>
														<top>0</top>
														<width>430</width>
														<height>40</height>
														<texture border="5">button-nofocus.png</texture>
												</control>
												<control type="label">
														<description>Actor and Role</description>
														<left>10</left>
														<top>0</top>
														<width>410</width>
														<height>40</height>
														<font>font12</font>
														<align>left</align>
														<aligny>center</aligny>
														<selectedcolor>white</selectedcolor>
														<label>$INFO[ListItem.Label]$INFO[ListItem.Label2, $LOCALIZE[20347] ,]</label>
												</control>
										</itemlayout>
										<focusedlayout height="40" width="430">
												<control type="image">
														<left>0</left>
														<top>0</top>
														<width>430</width>
														<height>40</height>
														<visible>!Control.HasFocus(50)</visible>
														<texture border="5">button-nofocus.png</texture>
												</control>
												<control type="image">
														<left>0</left>
														<top>0</top>
														<width>430</width>
														<height>40</height>
														<visible>Control.HasFocus(50)</visible>
														<texture border="5">button-focus2.png</texture>
												</control>
												<control type="label">
														<description>Actor and Role</description>
														<left>10</left>
														<top>0</top>
														<width>410</width>
														<height>40</height>
														<font>font12</font>
														<align>left</align>
														<aligny>center</aligny>
														<selectedcolor>white</selectedcolor>
														<label>$INFO[ListItem.Label]$INFO[ListItem.Label2, $LOCALIZE[20347] ,]</label>
												</control>
										</focusedlayout>
								</control>
								<control type="grouplist" id="9000">
										<left>210</left>
										<top>660</top>
										<width>1030</width>
										<height>40</height>
										<itemgap>2</itemgap>
										<align>center</align>
										<orientation>horizontal</orientation>
										<onleft>9000</onleft>
										<onright>9000</onright>
										<onup>50</onup>
										<ondown>49</ondown>
										<control type="togglebutton" id="8">
												<description>Play/browse to Show</description>
												<include>ButtonInfoDialogsCommonValues</include>
												<label>208</label>
												<alttexturefocus border="2">button-focus.png</alttexturefocus>
												<alttexturenofocus border="2">button-nofocus.png</alttexturenofocus>
												<altlabel>1024</altlabel>
												<usealttexture>String.IsEqual(ListItem.DBTYPE,tvshow)</usealttexture>
										</control>
										<control type="button" id="5">
												<description>Cast/Review</description>
												<include>ButtonInfoDialogsCommonValues</include>
												<label>206</label>
										</control>
										<control type="button" id="6">
												<description>Refresh</description>
												<include>ButtonInfoDialogsCommonValues</include>
												<label>184</label>
										</control>
										<control type="button" id="10">
												<description>Get Thumb</description>
												<include>ButtonInfoDialogsCommonValues</include>
												<label>13511</label>
										</control>
										<control type="button" id="11">
												<description>Play Trailer</description>
												<include>ButtonInfoDialogsCommonValues</include>
												<label>20410</label>
												<visible>!String.IsEmpty(ListItem.Trailer) + !Skin.HasSetting(WindowedTrailer)</visible>
										</control>
										<control type="button" id="15">
												<description>Play Trailer Windowed</description>
												<include>ButtonInfoDialogsCommonValues</include>
												<label>20410</label>
												<onclick>PlayMedia($INFO[ListItem.Trailer],1)</onclick>
												<visible>!String.IsEmpty(ListItem.Trailer) + Skin.HasSetting(WindowedTrailer)</visible>
										</control>
										<control type="button" id="7">
												<description>Set my rating</description>
												<include>ButtonInfoDialogsCommonValues</include>
												<label>38023</label>
												<visible>Control.IsEnabled(7)</visible>
										</control>
								</control>
						</control>
				</control>
				<control type="group">
						<depth>DepthSideBlade</depth>
						<include>Clock</include>
				</control>
		</controls>
</window>
