<?xml version="1.0" encoding="UTF-8"?>
<includes>
		<include name="MusicInfoListView">
				<control type="group">
						<visible>Control.IsVisible(506)</visible>
						<include>VisibleFadeEffect</include>
						<include content="CommonInfoListView">
								<param name="control_id" value="506" />
								<param name="view_label" value="$LOCALIZE[544]" />
								<param name="visible" value="Container.Content(Files) | Window.IsVisible(MusicPlaylist) |  Container.Content(Songs) | Container.Content(Albums)" />
						</include>
				</control>
				<control type="group">
						<visible>Control.IsVisible(507)</visible>
						<include>VisibleFadeEffect</include>
						<include content="CommonInfoListView">
								<param name="control_id" value="507" />
								<param name="view_label" value="$LOCALIZE[31040]" />
								<param name="visible" value="Window.IsVisible(MusicPlaylist) | Window.IsVisible(10502)" />
						</include>
				</control>
		</include>
		<include name="CommonInfoListView">
				<definition>
						<control type="list" id="$PARAM[control_id]">
								<left>70</left>
								<top>75</top>
								<width>780</width>
								<height>561</height>
								<onleft>2</onleft>
								<onright>60</onright>
								<onup>$PARAM[control_id]</onup>
								<ondown>$PARAM[control_id]</ondown>
								<viewtype label="$PARAM[view_label]">list</viewtype>
								<pagecontrol>60</pagecontrol>
								<scrolltime>200</scrolltime>
								<visible>$PARAM[visible]</visible>
								<itemlayout height="40" width="780">
										<control type="image">
												<left>0</left>
												<top>0</top>
												<width>780</width>
												<height>41</height>
												<texture border="0,2,0,2">MenuItemNF.png</texture>
										</control>
										<control type="label">
												<left>10</left>
												<top>0</top>
												<width>730</width>
												<height>40</height>
												<font>font13</font>
												<textcolor>grey2</textcolor>
												<selectedcolor>selected</selectedcolor>
												<align>left</align>
												<aligny>center</aligny>
												<label>$INFO[ListItem.Label]</label>
										</control>
										<control type="label">
												<left>60</left>
												<top>0</top>
												<width>700</width>
												<height>40</height>
												<font>font12</font>
												<textcolor>grey2</textcolor>
												<selectedcolor>selected</selectedcolor>
												<align>right</align>
												<aligny>center</aligny>
												<label>$INFO[ListItem.Label2]</label>
										</control>
								</itemlayout>
								<focusedlayout height="40" width="760">
										<control type="image">
												<left>0</left>
												<top>0</top>
												<width>760</width>
												<height>41</height>
												<texture border="0,2,0,2">MenuItemNF.png</texture>
												<visible>!Control.HasFocus($PARAM[control_id])</visible>
												<include>VisibleFadeEffect</include>
										</control>
										<control type="image">
												<left>0</left>
												<top>0</top>
												<width>780</width>
												<height>41</height>
												<texture border="0,2,0,2">MenuItemFO.png</texture>
												<visible>Control.HasFocus($PARAM[control_id])</visible>
												<include>VisibleFadeEffect</include>
										</control>
										<control type="image">
												<left>580</left>
												<top>5</top>
												<width>200</width>
												<height>31</height>
												<texture border="0,0,14,0">MediaItemDetailBG.png</texture>
												<visible>Control.HasFocus($PARAM[control_id]) + !String.IsEmpty(ListItem.Label2)</visible>
										</control>
										<control type="label">
												<left>10</left>
												<top>0</top>
												<width>730</width>
												<height>40</height>
												<font>font13</font>
												<textcolor>white</textcolor>
												<selectedcolor>selected</selectedcolor>
												<align>left</align>
												<aligny>center</aligny>
												<label>$INFO[ListItem.Label]</label>
										</control>
										<control type="label">
												<left>60</left>
												<top>0</top>
												<width>700</width>
												<height>40</height>
												<font>font12</font>
												<textcolor>grey2</textcolor>
												<selectedcolor>selected</selectedcolor>
												<align>right</align>
												<aligny>center</aligny>
												<label>$INFO[ListItem.Label2]</label>
										</control>
								</focusedlayout>
						</control>
						<control type="scrollbar" id="60">
								<left>850</left>
								<top>78</top>
								<width>25</width>
								<height>560</height>
								<texturesliderbackground border="0,14,0,14">scrollbarv.png</texturesliderbackground>
								<texturesliderbar border="2,16,2,16">scrollbarv_bar.png</texturesliderbar>
								<texturesliderbarfocus border="2,16,2,16">scrollbarv_bar_focus.png</texturesliderbarfocus>
								<textureslidernib>scrollbarnib.png</textureslidernib>
								<textureslidernibfocus>scrollbarnib.png</textureslidernibfocus>
								<onleft>$PARAM[control_id]</onleft>
								<onright>2</onright>
								<showonepage>false</showonepage>
								<orientation>vertical</orientation>
								<visible>Control.IsVisible($PARAM[control_id])</visible>
						</control>
						<control type="group">
								<visible>Control.IsVisible($PARAM[control_id])</visible>
								<left>910</left>
								<top>80</top>
								<control type="label">
										<left>10</left>
										<top>0</top>
										<width>290</width>
										<height>20</height>
										<label>$VAR[MusicInfoListViewLabel]</label>
										<align>center</align>
										<aligny>center</aligny>
										<font>font13</font>
										<textcolor>white</textcolor>
								</control>
								<control type="image">
										<left>10</left>
										<top>20</top>
										<width>290</width>
										<height>290</height>
										<aspectratio aligny="bottom">keep</aspectratio>
										<fadetime>IconCrossfadeTime</fadetime>
										<texture fallback="DefaultAlbumCover.png" background="true">$VAR[MusicInfoListViewThumb]</texture>
										<bordertexture background="true" border="8">thumbshadow.png</bordertexture>
										<bordersize>8</bordersize>
								</control>
								<control type="image">
										<left>10</left>
										<top>315</top>
										<width>168</width>
										<height>20</height>
										<texture fallback="ratings/0.png">$VAR[MusicInfoListViewtRating]</texture>
								</control>
								<control type="label">
										<left>10</left>
										<top>340</top>
										<width>290</width>
										<height>200</height>
										<label>$VAR[MusicInfoListViewPanel]</label>
										<wrapmultiline>true</wrapmultiline>
										<scroll>true</scroll>
										<align>left</align>
										<font>font12_title</font>
										<textcolor>white</textcolor>
								</control>
						</control>
				</definition>
		</include>
		<include name="AlbumWrapView2_Fanart">
				<control type="group">
						<left>0</left>
						<top>350</top>
						<visible>Control.IsVisible(509) + Skin.HasSetting(View509HideInfo)</visible>
						<include>VisibleFadeEffect</include>
						<control type="image">
								<left>0</left>
								<top>0</top>
								<width>1280</width>
								<height>270</height>
								<texture border="1">HomeNowPlayingBack.png</texture>
						</control>
						<control type="label">
								<left>40</left>
								<top>70</top>
								<width>1200</width>
								<height>20</height>
								<font>font24_title</font>
								<textcolor>white</textcolor>
								<scroll>true</scroll>
								<align>center</align>
								<aligny>center</aligny>
								<label>$INFO[ListItem.Label]</label>
								<animation effect="slide" start="0,0" end="0,20" time="150" condition="!Control.HasFocus(509)">conditional</animation>
						</control>
				</control>
				<control type="group">
						<visible>Control.IsVisible(509)</visible>
						<include>VisibleFadeEffect</include>
						<left>0</left>
						<top>450</top>
						<control type="fixedlist" id="509">
								<depth>DepthContent-</depth>
								<visible>Container.Content(Albums)</visible>
								<hitrect x="0" y="-10" w="1280" h="190" />
								<left>-80</left>
								<top>0</top>
								<width>1360</width>
								<height>250</height>
								<onleft>509</onleft>
								<onright>509</onright>
								<onup>2</onup>
								<ondown>60</ondown>
								<viewtype label="31029">wrap</viewtype>
								<pagecontrol>60</pagecontrol>
								<scrolltime>200</scrolltime>
								<focusposition>4</focusposition>
								<movement>2</movement>
								<orientation>horizontal</orientation>
								<preloaditems>4</preloaditems>
								<itemlayout height="200" width="160">
										<control type="image">
												<left>2</left>
												<top>20</top>
												<width>160</width>
												<height>160</height>
												<aspectratio>stretch</aspectratio>
												<bordertexture border="5">button-nofocus.png</bordertexture>
												<bordersize>4</bordersize>
												<fadetime>200</fadetime>
												<texture background="true">$INFO[ListItem.Icon]</texture>
										</control>
										<control type="image">
												<left>6</left>
												<top>24</top>
												<width>152</width>
												<height>152</height>
												<aspectratio>stretch</aspectratio>
												<texture>black-back.png</texture>
												<colordiffuse>AAFFFFFF</colordiffuse>
										</control>
										<control type="image">
												<left>2</left>
												<top>180</top>
												<width>160</width>
												<height>160</height>
												<aspectratio>stretch</aspectratio>
												<bordertexture border="5" diffuse="diffuse_mirror2.png">button-nofocus.png</bordertexture>
												<bordersize>4</bordersize>
												<fadetime>200</fadetime>
												<texture background="true" flipy="true" diffuse="diffuse_mirror2.png">$INFO[ListItem.Icon]</texture>
										</control>
								</itemlayout>
								<focusedlayout height="200" width="160">
										<control type="image">
												<depth>DepthContentPopout</depth>
												<left>-2</left>
												<top>16</top>
												<width>168</width>
												<height>168</height>
												<aspectratio>stretch</aspectratio>
												<bordertexture border="8">thumbborder.png</bordertexture>
												<bordersize>8</bordersize>
												<fadetime>200</fadetime>
												<texture background="true">$INFO[ListItem.Icon]</texture>
												<animation reversible="false" effect="zoom" start="-2,16,168,168" end="-12,-4,198,198" time="150">focus</animation>
												<animation reversible="false" effect="zoom" end="-2,16,168,168" start="-12,-4,198,198" time="150">unfocus</animation>
										</control>
										<control type="image">
												<depth>DepthContentPopout</depth>
												<left>180</left>
												<top>325</top>
												<width>35</width>
												<height>35</height>
												<aspectratio>keep</aspectratio>
												<texture>$INFO[ListItem.Overlay]</texture>
												<animation type="focus">
														<effect type="fade" start="0" end="100" time="150" />
														<effect type="slide" start="0,0" end="40,40" time="150" />
												</animation>
												<animation type="unfocus">
														<effect type="fade" start="100" end="0" time="150" />
														<effect type="slide" end="0,0" start="40,40" time="150" />
												</animation>
										</control>
								</focusedlayout>
						</control>
						<control type="scrollbar" id="60">
								<depth>DepthContent</depth>
								<left>310</left>
								<top>195</top>
								<width>660</width>
								<height>25</height>
								<texturesliderbackground border="14,0,14,0">scrollbarh.png</texturesliderbackground>
								<texturesliderbar border="14,0,14,0">scrollbarh_bar.png</texturesliderbar>
								<texturesliderbarfocus border="14,0,14,0">scrollbarh_bar_focus.png</texturesliderbarfocus>
								<textureslidernib>scrollbarnib.png</textureslidernib>
								<textureslidernibfocus>scrollbarnib.png</textureslidernibfocus>
								<onup>509</onup>
								<ondown>2</ondown>
								<showonepage>false</showonepage>
								<orientation>horizontal</orientation>
								<visible>Control.IsVisible(509)</visible>
						</control>
				</control>
				<control type="group">
						<left>180</left>
						<top>40</top>
						<visible>Control.IsVisible(509) + !Skin.HasSetting(View509HideInfo)</visible>
						<include>VisibleFadeEffect</include>
						<control type="image">
								<left>0</left>
								<top>0</top>
								<width>920</width>
								<height>410</height>
								<texture border="20">ContentPanel.png</texture>
						</control>
						<control type="label">
								<left>40</left>
								<top>20</top>
								<width>840</width>
								<height>20</height>
								<font>font13</font>
								<textcolor>white</textcolor>
								<scroll>true</scroll>
								<align>center</align>
								<aligny>center</aligny>
								<label>$INFO[ListItem.Property(Album_Artist)]</label>
						</control>
						<control type="label">
								<left>40</left>
								<top>50</top>
								<width>840</width>
								<height>20</height>
								<font>font24_title</font>
								<textcolor>blue</textcolor>
								<scroll>true</scroll>
								<align>center</align>
								<aligny>center</aligny>
								<label>$INFO[ListItem.Label]</label>
						</control>
						<control type="group">
								<left>40</left>
								<top>80</top>
								<control type="label">
										<left>0</left>
										<top>0</top>
										<width>400</width>
										<height>30</height>
										<font>font13_title</font>
										<textcolor>white</textcolor>
										<scroll>true</scroll>
										<align>left</align>
										<aligny>center</aligny>
										<label>31331</label>
								</control>
								<control type="label">
										<left>0</left>
										<top>35</top>
										<width>850</width>
										<height>30</height>
										<font>font13</font>
										<textcolor>white</textcolor>
										<scroll>true</scroll>
										<align>left</align>
										<aligny>center</aligny>
										<label>$LOCALIZE[515]: $INFO[ListItem.Genre]</label>
								</control>
								<control type="label">
										<left>0</left>
										<top>65</top>
										<width>850</width>
										<height>30</height>
										<font>font13</font>
										<textcolor>white</textcolor>
										<scroll>true</scroll>
										<align>left</align>
										<aligny>center</aligny>
										<label>$LOCALIZE[562]: $INFO[ListItem.Year]</label>
								</control>
								<control type="fadelabel">
										<left>0</left>
										<top>95</top>
										<width>400</width>
										<height>30</height>
										<font>font13</font>
										<textcolor>white</textcolor>
										<scroll>true</scroll>
										<align>left</align>
										<aligny>center</aligny>
										<label>$LOCALIZE[563]:</label>
										<scrollout>false</scrollout>
										<pauseatend>2000</pauseatend>
								</control>
								<control type="label">
										<description>Rating value</description>
										<left>100</left>
										<top>95</top>
										<width>160</width>
										<height>32</height>
										<label>$INFO[ListItem.Userrating]</label>
								</control>
								<control type="textbox">
										<description>Description Value for Album</description>
										<left>0</left>
										<top>152</top>
										<width>850</width>
										<height>144</height>
										<font>font13</font>
										<align>justify</align>
										<pagecontrol/>
										<textcolor>white</textcolor>
										<label>$INFO[ListItem.Property(Album_Description)]</label>
										<autoscroll time="2000" delay="3000" repeat="5000">Skin.HasSetting(AutoScroll)</autoscroll>
								</control>
						</control>
				</control>
		</include>
		<include name="MusicVideoInfoListView">
				<control type="group">
						<visible>Control.IsVisible(511)</visible>
						<include>VisibleFadeEffect</include>
						<control type="list" id="511">
								<left>70</left>
								<top>75</top>
								<width>760</width>
								<height>561</height>
								<onleft>2</onleft>
								<onright>60</onright>
								<onup>511</onup>
								<ondown>511</ondown>
								<viewtype label="$LOCALIZE[544]">list</viewtype>
								<pagecontrol>60</pagecontrol>
								<scrolltime>200</scrolltime>
								<visible>Container.Content(MusicVideos)</visible>
								<itemlayout height="40" width="760">
										<control type="image">
												<left>0</left>
												<top>0</top>
												<width>760</width>
												<height>41</height>
												<texture border="0,2,0,2">MenuItemNF.png</texture>
										</control>
										<control type="label">
												<left>10</left>
												<top>0</top>
												<width>720</width>
												<height>40</height>
												<font>font13</font>
												<textcolor>grey2</textcolor>
												<selectedcolor>selected</selectedcolor>
												<align>left</align>
												<aligny>center</aligny>
												<label>$INFO[ListItem.Label]</label>
										</control>
										<control type="label">
												<left>30</left>
												<top>0</top>
												<width>700</width>
												<height>40</height>
												<font>font12</font>
												<textcolor>grey2</textcolor>
												<selectedcolor>selected</selectedcolor>
												<align>right</align>
												<aligny>center</aligny>
												<label>$INFO[ListItem.Label2]</label>
										</control>
										<control type="image">
												<left>735</left>
												<top>14</top>
												<width>20</width>
												<height>16</height>
												<texture>$INFO[ListItem.Overlay]</texture>
												<aspectratio>keep</aspectratio>
										</control>
								</itemlayout>
								<focusedlayout height="40" width="760">
										<control type="image">
												<left>0</left>
												<top>0</top>
												<width>760</width>
												<height>41</height>
												<texture border="0,2,0,2">MenuItemNF.png</texture>
												<visible>!Control.HasFocus(511)</visible>
												<include>VisibleFadeEffect</include>
										</control>
										<control type="image">
												<left>0</left>
												<top>0</top>
												<width>760</width>
												<height>41</height>
												<texture border="0,2,0,2">MenuItemFO.png</texture>
												<visible>Control.HasFocus(511)</visible>
												<include>VisibleFadeEffect</include>
										</control>
										<control type="image">
												<left>560</left>
												<top>5</top>
												<width>200</width>
												<height>31</height>
												<texture border="0,0,14,0">MediaItemDetailBG.png</texture>
												<visible>Control.HasFocus(511) + !String.IsEmpty(ListItem.Label2)</visible>
										</control>
										<control type="label">
												<left>10</left>
												<top>0</top>
												<width>720</width>
												<height>40</height>
												<font>font13</font>
												<textcolor>white</textcolor>
												<selectedcolor>selected</selectedcolor>
												<align>left</align>
												<aligny>center</aligny>
												<label>$INFO[ListItem.Label]</label>
										</control>
										<control type="label">
												<left>30</left>
												<top>0</top>
												<width>700</width>
												<height>40</height>
												<font>font12</font>
												<textcolor>grey2</textcolor>
												<selectedcolor>selected</selectedcolor>
												<align>right</align>
												<aligny>center</aligny>
												<label>$INFO[ListItem.Label2]</label>
										</control>
										<control type="image">
												<left>735</left>
												<top>14</top>
												<width>20</width>
												<height>16</height>
												<texture>$INFO[ListItem.Overlay]</texture>
												<aspectratio>keep</aspectratio>
										</control>
								</focusedlayout>
						</control>
						<control type="scrollbar" id="60">
								<left>850</left>
								<top>78</top>
								<width>25</width>
								<height>560</height>
								<texturesliderbackground border="0,14,0,14">scrollbarv.png</texturesliderbackground>
								<texturesliderbar border="2,16,2,16">scrollbarv_bar.png</texturesliderbar>
								<texturesliderbarfocus border="2,16,2,16">scrollbarv_bar_focus.png</texturesliderbarfocus>
								<textureslidernib>scrollbarnib.png</textureslidernib>
								<textureslidernibfocus>scrollbarnib.png</textureslidernibfocus>
								<onleft>511</onleft>
								<onright>2</onright>
								<showonepage>false</showonepage>
								<orientation>vertical</orientation>
								<visible>Control.IsVisible(511)</visible>
						</control>
						<control type="group">
								<left>910</left>
								<top>80</top>
								<control type="image">
										<left>10</left>
										<top>0</top>
										<width>290</width>
										<height>230</height>
										<aspectratio>keep</aspectratio>
										<fadetime>IconCrossfadeTime</fadetime>
										<texture background="true">$INFO[ListItem.Icon]</texture>
										<bordertexture background="true" border="8">thumbshadow.png</bordertexture>
										<bordersize>8</bordersize>
								</control>
								<control type="grouplist">
										<description>Media Codec Flagging Images</description>
										<left>10</left>
										<top>230</top>
										<width>290</width>
										<align>center</align>
										<itemgap>0</itemgap>
										<orientation>horizontal</orientation>
										<include>VideoCodecFlaggingConditions</include>
										<include>AudioCodecFlaggingConditions</include>
								</control>
								<control type="label">
										<left>10</left>
										<top>290</top>
										<width>290</width>
										<height>25</height>
										<label>$INFO[ListItem.Artist]</label>
										<scroll>true</scroll>
										<align>center</align>
										<aligny>center</aligny>
										<font>font24_title</font>
										<textcolor>white</textcolor>
								</control>
								<control type="label">
										<left>10</left>
										<top>350</top>
										<width>290</width>
										<height>25</height>
										<label>$INFO[ListItem.Album]</label>
										<wrapmultiline>true</wrapmultiline>
										<align>center</align>
										<aligny>center</aligny>
										<font>font13</font>
										<textcolor>grey2</textcolor>
								</control>
								<control type="label">
										<left>10</left>
										<top>410</top>
										<width>290</width>
										<height>25</height>
										<label>$INFO[ListItem.Title]</label>
										<scroll>true</scroll>
										<align>center</align>
										<aligny>top</aligny>
										<font>font13_title</font>
										<textcolor>white</textcolor>
										<wrapmultiline>true</wrapmultiline>
										<visible>!Container.Content(Albums)</visible>
								</control>
								<control type="label">
										<left>10</left>
										<top>470</top>
										<width>290</width>
										<height>25</height>
										<label>$INFO[ListItem.Studio]</label>
										<scroll>true</scroll>
										<align>center</align>
										<aligny>top</aligny>
										<font>font13</font>
										<textcolor>grey2</textcolor>
										<wrapmultiline>true</wrapmultiline>
								</control>
								<control type="label">
										<description>Year txt</description>
										<left>10</left>
										<top>530</top>
										<width>290</width>
										<height>25</height>
										<label>$INFO[listitem.Year,[COLOR=blue]$LOCALIZE[345]: [/COLOR]]</label>
										<align>center</align>
										<aligny>center</aligny>
										<font>font13_title</font>
										<textcolor>white</textcolor>
								</control>
						</control>
				</control>
		</include>
		<include name="ArtistMediaListView">
				<control type="group">
						<visible>Control.IsVisible(512)</visible>
						<include>VisibleFadeEffect</include>
						<control type="list" id="512">
								<left>70</left>
								<top>78</top>
								<width>580</width>
								<height>561</height>
								<onleft>2</onleft>
								<onright>60</onright>
								<onup>512</onup>
								<ondown>512</ondown>
								<viewtype label="$LOCALIZE[544]">list</viewtype>
								<pagecontrol>60</pagecontrol>
								<scrolltime>200</scrolltime>
								<visible>Container.Content(Artists)</visible>
								<itemlayout height="40" width="580">
										<control type="image">
												<left>0</left>
												<top>0</top>
												<width>580</width>
												<height>41</height>
												<texture border="0,2,0,2">MenuItemNF.png</texture>
										</control>
										<control type="label">
												<left>10</left>
												<top>0</top>
												<width>560</width>
												<height>40</height>
												<font>font13</font>
												<textcolor>grey2</textcolor>
												<selectedcolor>selected</selectedcolor>
												<align>left</align>
												<aligny>center</aligny>
												<label>$INFO[ListItem.Label]</label>
										</control>
								</itemlayout>
								<focusedlayout height="40" width="580">
										<control type="image">
												<left>0</left>
												<top>0</top>
												<width>580</width>
												<height>41</height>
												<texture border="0,2,0,2">MenuItemNF.png</texture>
												<visible>!Control.HasFocus(512)</visible>
												<include>VisibleFadeEffect</include>
										</control>
										<control type="image">
												<left>0</left>
												<top>0</top>
												<width>580</width>
												<height>41</height>
												<texture border="0,2,0,2">MenuItemFO.png</texture>
												<visible>Control.HasFocus(512)</visible>
												<include>VisibleFadeEffect</include>
										</control>
										<control type="label">
												<left>10</left>
												<top>0</top>
												<width>560</width>
												<height>40</height>
												<font>font13</font>
												<textcolor>white</textcolor>
												<selectedcolor>selected</selectedcolor>
												<align>left</align>
												<aligny>center</aligny>
												<label>$INFO[ListItem.Label]</label>
										</control>
								</focusedlayout>
						</control>
						<control type="scrollbar" id="60">
								<left>650</left>
								<top>78</top>
								<width>25</width>
								<height>560</height>
								<texturesliderbackground border="0,14,0,14">scrollbarv.png</texturesliderbackground>
								<texturesliderbar border="0,14,0,14">scrollbarv_bar.png</texturesliderbar>
								<texturesliderbarfocus border="0,14,0,14">scrollbarv_bar_focus.png</texturesliderbarfocus>
								<textureslidernib>scrollbarnib.png</textureslidernib>
								<textureslidernibfocus>scrollbarnib.png</textureslidernibfocus>
								<onleft>512</onleft>
								<onright>2</onright>
								<showonepage>false</showonepage>
								<orientation>vertical</orientation>
								<visible>Control.IsVisible(512)</visible>
						</control>
						<control type="group">
								<left>710</left>
								<top>70</top>
								<control type="image">
										<left>0</left>
										<top>0</top>
										<width>510</width>
										<height>300</height>
										<aspectratio>keep</aspectratio>
										<fadetime>IconCrossfadeTime</fadetime>
										<texture background="true">$INFO[ListItem.Icon]</texture>
										<bordertexture background="true" border="8">thumbshadow.png</bordertexture>
										<bordersize>8</bordersize>
								</control>
								<control type="group">
										<top>310</top>
										<control type="label">
												<description>Born txt</description>
												<left>0</left>
												<top>0</top>
												<width>140</width>
												<height>25</height>
												<label>$LOCALIZE[21893]:</label>
												<align>right</align>
												<aligny>center</aligny>
												<font>font13_title</font>
												<textcolor>blue</textcolor>
												<visible>!String.IsEmpty(ListItem.Property(Artist_Born))</visible>
										</control>
										<control type="label">
												<description>Born Value</description>
												<left>150</left>
												<top>0</top>
												<width>350</width>
												<height>25</height>
												<label>$INFO[ListItem.Property(Artist_Born)]</label>
												<align>left</align>
												<aligny>center</aligny>
												<font>font13</font>
												<scroll>true</scroll>
												<visible>!String.IsEmpty(ListItem.Property(Artist_Born))</visible>
										</control>
										<control type="label">
												<description>Formed txt</description>
												<left>0</left>
												<top>0</top>
												<width>140</width>
												<height>25</height>
												<label>$LOCALIZE[21894]:</label>
												<align>right</align>
												<aligny>center</aligny>
												<font>font13_title</font>
												<textcolor>blue</textcolor>
												<visible>!String.IsEmpty(ListItem.Property(Artist_Formed))</visible>
										</control>
										<control type="label">
												<description>Formed Value</description>
												<left>150</left>
												<top>0</top>
												<width>350</width>
												<height>25</height>
												<label>$INFO[ListItem.Property(Artist_Formed)]</label>
												<align>left</align>
												<aligny>center</aligny>
												<font>font13</font>
												<scroll>true</scroll>
												<visible>!String.IsEmpty(ListItem.Property(Artist_Formed))</visible>
										</control>
										<control type="label">
												<description>Genre txt</description>
												<left>0</left>
												<top>30</top>
												<width>140</width>
												<height>25</height>
												<label>$LOCALIZE[515]:</label>
												<align>right</align>
												<aligny>center</aligny>
												<font>font13_title</font>
												<textcolor>blue</textcolor>
										</control>
										<control type="label">
												<description>Genre Value</description>
												<left>150</left>
												<top>30</top>
												<width>350</width>
												<height>25</height>
												<label fallback="10005">$INFO[ListItem.Property(Artist_Genre)]</label>
												<align>left</align>
												<aligny>center</aligny>
												<font>font13</font>
												<scroll>true</scroll>
										</control>
										<control type="image">
												<left>0</left>
												<top>60</top>
												<width>510</width>
												<height>4</height>
												<texture>separator.png</texture>
										</control>
										<control type="textbox">
												<description>Description Value for Artist</description>
												<left>10</left>
												<top>72</top>
												<width>490</width>
												<height>190</height>
												<font>font13</font>
												<align>justify</align>
												<textcolor>white</textcolor>
												<label>$INFO[ListItem.Property(Artist_Description)]</label>
												<autoscroll time="2000" delay="3000" repeat="5000">Skin.HasSetting(AutoScroll)</autoscroll>
										</control>
								</control>
						</control>
				</control>
		</include>
		<include name="AlbumInfoListView">
				<control type="group">
						<visible>Control.IsVisible(513)</visible>
						<include>VisibleFadeEffect</include>
						<control type="list" id="513">
								<left>70</left>
								<top>75</top>
								<width>780</width>
								<height>561</height>
								<onleft>2</onleft>
								<onright>51360</onright>
								<onup>513</onup>
								<ondown>513</ondown>
								<viewtype label="$LOCALIZE[10523]">list</viewtype>
								<pagecontrol>51360</pagecontrol>
								<scrolltime>200</scrolltime>
								<visible>Container.Content(Albums)</visible>
								<itemlayout height="40" width="780">
										<control type="image">
												<left>0</left>
												<top>0</top>
												<width>780</width>
												<height>41</height>
												<texture border="0,2,0,2">MenuItemNF.png</texture>
										</control>
										<control type="label">
												<left>10</left>
												<top>0</top>
												<width>730</width>
												<height>40</height>
												<font>font13</font>
												<textcolor>grey2</textcolor>
												<selectedcolor>selected</selectedcolor>
												<align>left</align>
												<aligny>center</aligny>
												<label>$INFO[ListItem.Label]</label>
										</control>
										<control type="label">
												<left>60</left>
												<top>0</top>
												<width>700</width>
												<height>40</height>
												<font>font12</font>
												<textcolor>grey2</textcolor>
												<selectedcolor>selected</selectedcolor>
												<align>right</align>
												<aligny>center</aligny>
												<label>$INFO[ListItem.Label2]</label>
										</control>
								</itemlayout>
								<focusedlayout height="40" width="780">
										<control type="image">
												<left>0</left>
												<top>0</top>
												<width>780</width>
												<height>41</height>
												<texture border="0,2,0,2">MenuItemNF.png</texture>
												<visible>!Control.HasFocus(513)</visible>
												<include>VisibleFadeEffect</include>
										</control>
										<control type="image">
												<left>0</left>
												<top>0</top>
												<width>780</width>
												<height>41</height>
												<texture border="0,2,0,2">MenuItemFO.png</texture>
												<visible>Control.HasFocus(513)</visible>
												<include>VisibleFadeEffect</include>
										</control>
										<control type="image">
												<left>580</left>
												<top>5</top>
												<width>200</width>
												<height>31</height>
												<texture border="0,0,14,0">MediaItemDetailBG.png</texture>
												<visible>Control.HasFocus(513) + !String.IsEmpty(ListItem.Label2)</visible>
										</control>
										<control type="label">
												<left>10</left>
												<top>0</top>
												<width>730</width>
												<height>40</height>
												<font>font13</font>
												<textcolor>white</textcolor>
												<selectedcolor>selected</selectedcolor>
												<align>left</align>
												<aligny>center</aligny>
												<label>$INFO[ListItem.Label]</label>
										</control>
										<control type="label">
												<left>60</left>
												<top>0</top>
												<width>700</width>
												<height>40</height>
												<font>font12</font>
												<textcolor>grey2</textcolor>
												<selectedcolor>selected</selectedcolor>
												<align>right</align>
												<aligny>center</aligny>
												<label>$INFO[ListItem.Label2]</label>
										</control>
								</focusedlayout>
						</control>
						<control type="scrollbar" id="51360">
								<left>850</left>
								<top>78</top>
								<width>25</width>
								<height>560</height>
								<texturesliderbackground border="0,14,0,14">scrollbarv.png</texturesliderbackground>
								<texturesliderbar border="2,16,2,16">scrollbarv_bar.png</texturesliderbar>
								<texturesliderbarfocus border="2,16,2,16">scrollbarv_bar_focus.png</texturesliderbarfocus>
								<textureslidernib>scrollbarnib.png</textureslidernib>
								<textureslidernibfocus>scrollbarnib.png</textureslidernibfocus>
								<onleft>513</onleft>
								<onright>2</onright>
								<showonepage>false</showonepage>
								<orientation>vertical</orientation>
								<visible>Control.IsVisible(513)</visible>
						</control>
						<control type="group">
								<left>910</left>
								<top>70</top>
								<control type="image">
										<left>10</left>
										<top>0</top>
										<width>290</width>
										<height>240</height>
										<aspectratio aligny="bottom">keep</aspectratio>
										<fadetime>IconCrossfadeTime</fadetime>
										<texture background="true">$INFO[ListItem.Icon]</texture>
										<bordertexture background="true" border="8">thumbshadow.png</bordertexture>
										<bordersize>8</bordersize>
								</control>
								<control type="label">
										<description>Description Header txt</description>
										<left>10</left>
										<top>240</top>
										<width>290</width>
										<height>25</height>
										<label>21821</label>
										<align>center</align>
										<aligny>center</aligny>
										<font>font12_title</font>
										<textcolor>blue</textcolor>
								</control>
								<control type="textbox">
										<description>Description Value for Album</description>
										<left>10</left>
										<top>272</top>
										<width>290</width>
										<height>298</height>
										<font>font13</font>
										<align>justify</align>
										<pagecontrol/>
										<textcolor>white</textcolor>
										<label>$INFO[ListItem.Property(Album_Description)]</label>
										<autoscroll time="2000" delay="3000" repeat="5000">Skin.HasSetting(AutoScroll)</autoscroll>
								</control>
						</control>
				</control>
		</include>
</includes>
