<?xml version="1.0" encoding="UTF-8"?>
<includes>
		<include name="PosterWrapView">
				<control type="grouplist">
						<visible>Control.IsVisible(501)</visible>
						<left>62</left>
						<top>80</top>
						<width>1160</width>
						<height>460</height>
						<onup>9000</onup>
						<ondown>61</ondown>
						<usecontrolcoords>true</usecontrolcoords>
						<include>VisibleFadeEffect</include>
						<control type="fixedlist" id="501">
								<visible>Container.Content(Movies) | Container.Content(Seasons) | Container.Content(TVShows) | Container.Content(Sets)</visible>
								<visible>!Container.Content(LiveTV)</visible>
								<left>-183</left>
								<top>0</top>
								<width>1340</width>
								<height>390</height>
								<onleft>501</onleft>
								<onright>501</onright>
								<onup>2</onup>
								<ondown>60</ondown>
								<viewtype label="31028">bigwrap</viewtype>
								<pagecontrol>60</pagecontrol>
								<scrolltime>200</scrolltime>
								<focusposition>3</focusposition>
								<orientation>horizontal</orientation>
								<preloaditems>4</preloaditems>
								<itemlayout height="310" width="218">
										<control type="image">
												<left>4</left>
												<top>40</top>
												<width>214</width>
												<height>310</height>
												<aspectratio>stretch</aspectratio>
												<bordertexture border="4">fanart-nofocus.png</bordertexture>
												<bordersize>4</bordersize>
												<texture background="true">$VAR[PosterThumb]</texture>
										</control>
								</itemlayout>
								<focusedlayout height="310" width="218">
										<control type="image">
												<depth>DepthContentPopout</depth>
												<left>-2</left>
												<top>36</top>
												<width>220</width>
												<height>316</height>
												<aspectratio>stretch</aspectratio>
												<bordertexture border="5">folder-focus.png</bordertexture>
												<bordersize>5</bordersize>
												<texture background="true">$VAR[PosterThumb]</texture>												
												<animation effect="zoom" start="100" end="105" time="300" tween="sine" easing="inout" center="90,85">Focus</animation>
												<animation effect="zoom" start="105" end="100" time="100" tween="sine" easing="inout" center="90,85">UnFocus</animation>		<!--
												<animation reversible="false" effect="zoom" start="-2,36,222,318" end="-28,0,284,390" time="150">focus</animation>
												<animation reversible="false" effect="zoom" end="-2,36,222,318" start="-28,0,284,390" time="150">unfocus</animation>
											-->
										</control>
										<control type="image">
												<depth>DepthContentPopout</depth>
												<left>6</left>
												<top>44</top>
												<width>170</width>
												<height>180</height>
												<aspectratio>stretch</aspectratio>
												<texture>GlassOverlay_.png</texture>												
												<animation effect="zoom" start="100" end="105" time="300" tween="sine" easing="inout" center="90,85">Focus</animation>
												<animation effect="zoom" start="105" end="100" time="100" tween="sine" easing="inout" center="90,85">UnFocus</animation>
										</control>
										<control type="image">
												<depth>DepthContentPopout</depth>
												<left>185</left>
												<top>310</top>
												<width>35</width>
												<height>35</height>
												<aspectratio>keep</aspectratio>
												<texture>$INFO[ListItem.Overlay]</texture>
												<animation type="focus">
														<effect type="fade" start="0" end="100" time="150" />
														<effect type="slide" start="0,0" end="40,40" time="150" />
												</animation>
												<animation type="unfocus">
														<effect type="fade" start="100" end="0" time="150" />
														<effect type="slide" end="0,0" start="40,40" time="150" />
												</animation>
										</control>
								</focusedlayout>
						</control>
						<control type="scrollbar" id="60">
								<left>140</left>
								<top>0</top>
								<width>880</width>
								<height>25</height>
								<texturesliderbackground border="14,0,14,0">scrollbarh.png</texturesliderbackground>
								<texturesliderbar border="14,0,14,0">scrollbarh_bar.png</texturesliderbar>
								<texturesliderbarfocus border="14,0,14,0">scrollbarh_bar_focus.png</texturesliderbarfocus>
								<textureslidernib>scrollbarnib.png</textureslidernib>
								<textureslidernibfocus>scrollbarnib.png</textureslidernibfocus>
								<onup>501</onup>
								<ondown>9000</ondown>
								<showonepage>false</showonepage>
								<orientation>horizontal</orientation>
								<visible>Control.IsVisible(501)</visible>
						</control>
				</control>
				<control type="group">
						<visible>Control.IsVisible(501)</visible>
						<control type="image">
								<left>62</left>
								<top>120</top>
								<width>128</width>
								<height>310</height>
								<texture>SideFade.png</texture>
						</control>
						<control type="image">
								<left>1091</left>
								<top>120</top>
								<width>128</width>
								<height>310</height>
								<texture flipx="true">SideFade.png</texture>
						</control>
				</control>
				<control type="group">
						<visible>Control.IsVisible(501) + [Container.Content(Movies) | Container.Content(Sets)]</visible>
						<control type="label">
								<left>30</left>
								<top>500</top>
								<width>1220</width>
								<height>35</height>
								<font>font28_title</font>
								<textcolor>blue</textcolor>
								<scroll>true</scroll>
								<align>center</align>
								<aligny>center</aligny>
								<label>$INFO[ListItem.Label]</label>
						</control>
						<control type="label">
								<left>0</left>
								<top>540</top>
								<width>1280</width>
								<height>35</height>
								<font>font30</font>
								<textcolor>white</textcolor>
								<scroll>true</scroll>
								<align>center</align>
								<aligny>center</aligny>
								<label>$INFO[ListItem.Year]</label>
						</control>
						<control type="grouplist">
								<left>10</left>
								<top>570</top>
								<width>1280</width>
								<align>center</align>
								<orientation>horizontal</orientation>
								<itemgap>2</itemgap>
								<control type="label">
										<width>150</width>
										<align>right</align>
										<font>font13</font>
										<textcolor>blue</textcolor>
										<label>$LOCALIZE[180]:</label>
										<visible>!ListItem.IsParentFolder</visible>
								</control>
								<control type="label">
										<width>150</width>
										<align>left</align>
										<font>font13</font>
										<textcolor>white</textcolor>
										<label>$INFO[ListItem.Duration]</label>
								</control>
						</control>
						<control type="grouplist">
								<description>Media Codec Flagging Images</description>
								<left>0</left>
								<top>610</top>
								<width>1280</width>
								<align>center</align>
								<itemgap>2</itemgap>
								<orientation>horizontal</orientation>
								<include>VideoCodecFlaggingConditions</include>
								<include>AudioCodecFlaggingConditions</include>
								<include>AudioChannelsFlaggingConditions</include>
								<include>AspectCodecFlaggingConditions</include>
								<include>VideoStereoscopicsFlaggingConditions</include>
								<include>VideoTypeHackFlaggingConditions</include>
						</control>
				</control>
				<control type="group">
						<visible>Control.IsVisible(501) + Container.Content(Seasons)</visible>
						<control type="label">
								<left>30</left>
								<top>500</top>
								<width>1220</width>
								<height>35</height>
								<font>font28_title</font>
								<textcolor>blue</textcolor>
								<scroll>true</scroll>
								<align>center</align>
								<aligny>center</aligny>
								<label>$INFO[ListItem.Label]</label>
						</control>
						<control type="label">
								<left>0</left>
								<top>540</top>
								<width>1280</width>
								<height>35</height>
								<font>font30</font>
								<textcolor>white</textcolor>
								<scroll>true</scroll>
								<align>center</align>
								<aligny>center</aligny>
								<label>$INFO[ListItem.TVShowTitle]</label>
						</control>
						<control type="label">
								<left>0</left>
								<top>575</top>
								<width>1280</width>
								<height>35</height>
								<font>font13</font>
								<textcolor>white</textcolor>
								<scroll>true</scroll>
								<align>center</align>
								<aligny>center</aligny>
								<label>$INFO[ListItem.Episode,, $LOCALIZE[20453]]</label>
						</control>
						<control type="label">
								<left>0</left>
								<top>605</top>
								<width>1280</width>
								<height>35</height>
								<font>font12</font>
								<textcolor>white</textcolor>
								<scroll>true</scroll>
								<align>center</align>
								<aligny>center</aligny>
								<label>($INFO[ListItem.Property(WatchedEpisodes),, $LOCALIZE[16102]] - $INFO[ListItem.Property(UnWatchedEpisodes), , $LOCALIZE[16101]])</label>
						</control>
				</control>
				<control type="group">
						<visible>Control.IsVisible(501) + Container.Content(TVShows)</visible>
						<control type="label">
								<left>30</left>
								<top>500</top>
								<width>1220</width>
								<height>35</height>
								<font>font28_title</font>
								<textcolor>blue</textcolor>
								<scroll>true</scroll>
								<align>center</align>
								<aligny>center</aligny>
								<label>$INFO[ListItem.Label]</label>
						</control>
						<control type="label">
								<left>0</left>
								<top>540</top>
								<width>1280</width>
								<height>35</height>
								<font>font30</font>
								<textcolor>white</textcolor>
								<scroll>true</scroll>
								<align>center</align>
								<aligny>center</aligny>
								<label>$INFO[ListItem.Genre]</label>
						</control>
						<control type="label">
								<left>0</left>
								<top>575</top>
								<width>1280</width>
								<height>35</height>
								<font>font13</font>
								<textcolor>white</textcolor>
								<scroll>true</scroll>
								<align>center</align>
								<aligny>center</aligny>
								<label>$INFO[ListItem.Episode,, $LOCALIZE[20453]]</label>
						</control>
						<control type="label">
								<left>0</left>
								<top>605</top>
								<width>1280</width>
								<height>35</height>
								<font>font12</font>
								<textcolor>white</textcolor>
								<scroll>true</scroll>
								<align>center</align>
								<aligny>center</aligny>
								<label>($INFO[ListItem.Property(WatchedEpisodes),, $LOCALIZE[16102]] - $INFO[ListItem.Property(UnWatchedEpisodes), , $LOCALIZE[16101]])</label>
						</control>
				</control>
		</include>
		<include name="PosterWrapView2_Fanart">
				<control type="group">
						<left>0</left>
						<top>350</top>
						<visible>Control.IsVisible(508) + [[ListItem.IsFolder + Container.Content(Movies)] | Skin.HasSetting(View508HideInfo) | Container.Content(Sets)]</visible>
						<include>VisibleFadeEffect</include>
						<control type="image">
								<left>0</left>
								<top>0</top>
								<width>1280</width>
								<height>270</height>
								<texture border="1">HomeNowPlayingBack.png</texture>
						</control>
						<control type="label">
								<left>40</left>
								<top>70</top>
								<width>1200</width>
								<height>20</height>
								<font>font24_title</font>
								<textcolor>white</textcolor>
								<scroll>true</scroll>
								<align>center</align>
								<aligny>center</aligny>
								<label>$INFO[ListItem.Label]</label>
								<animation effect="slide" start="0,0" end="0,25" time="150" condition="!Control.HasFocus(508)">conditional</animation>
						</control>
				</control>
				<control type="group">
						<visible>Control.IsVisible(508)</visible>
						<include>VisibleFadeEffect</include>
						<left>0</left>
						<top>460</top>
						<control type="fixedlist" id="508">
								<depth>DepthContent-</depth>
								<visible>Container.Content(Movies) | Container.Content(TVShows) | Container.Content(Sets)</visible>
								<hitrect x="0" y="-10" w="1280" h="190" />
								<left>-20</left>
								<top>0</top>
								<width>1320</width>
								<height>250</height>
								<onleft>508</onleft>
								<onright>508</onright>
								<onup>2</onup>
								<ondown>60</ondown>
								<viewtype label="31029">wrap</viewtype>
								<pagecontrol>60</pagecontrol>
								<scrolltime>200</scrolltime>
								<focusposition>5</focusposition>
								<movement>3</movement>
								<orientation>horizontal</orientation>
								<preloaditems>4</preloaditems>
								<itemlayout height="200" width="120">
										<control type="image">
												<left>4</left>
												<top>20</top>
												<width>120</width>
												<height>160</height>
												<aspectratio>stretch</aspectratio>
												<bordertexture border="5">fanart-nofocus.png</bordertexture>
												<bordersize>5</bordersize>
												<fadetime>200</fadetime>
												<texture background="true">$VAR[PosterThumb]</texture>
										</control>
									<!--	<control type="image">
												<left>6</left>
												<top>24</top>
												<width>112</width>
												<height>152</height>
												<aspectratio>stretch</aspectratio>
												<texture>black-back.png</texture>
												<colordiffuse>AAFFFFFF</colordiffuse>
										</control>	-->
										<control type="image">
												<left>4</left>
												<top>180</top>
												<width>120</width>
												<height>160</height>
												<aspectratio>stretch</aspectratio>
												<bordertexture border="4" diffuse="diffuse_mirror2.png">fanart-nofocus.png</bordertexture>
												<bordersize>4</bordersize>
												<fadetime>200</fadetime>
												<texture background="true" flipy="true" diffuse="diffuse_mirror2.png">$VAR[PosterThumb]</texture>
										</control>
								</itemlayout>
								<focusedlayout height="310" width="120">
										<control type="image">
												<depth>DepthContentPopout</depth>
												<left>0</left>
												<top>16</top>
												<width>128</width>
												<height>168</height>
												<aspectratio>stretch</aspectratio>
												<bordertexture border="5">folder-focus.png</bordertexture>
												<bordersize>5</bordersize>
												<fadetime>200</fadetime>
												<texture background="true">$VAR[PosterThumb]</texture>												
												<animation effect="zoom" start="100" end="105" time="300" tween="sine" easing="inout" center="90,85">Focus</animation>
												<animation effect="zoom" start="105" end="100" time="100" tween="sine" easing="inout" center="90,85">UnFocus</animation>		
												<!--	<animation reversible="false" effect="zoom" start="0,16,128,168" end="-12,-10,148,198" time="150">focus</animation>
												<animation reversible="false" effect="zoom" end="0,16,128,168" start="-12,-10,148,198" time="150">unfocus</animation>
											-->
										</control>
										<control type="image">
												<depth>DepthContentPopout</depth>
												<left>0</left>
												<top>180</top>
												<width>128</width>
												<height>168</height>
												<aspectratio>stretch</aspectratio>
												<bordertexture border="4" diffuse="diffuse_mirror2.png">fanart-nofocus.png</bordertexture>
												<bordersize>4</bordersize>
												<fadetime>200</fadetime>
												<texture background="true" flipy="true" diffuse="diffuse_mirror2.png">$VAR[PosterThumb]</texture>
												<animation reversible="false" effect="zoom" start="0,16,128,168" end="-12,-10,148,198" time="150">focus</animation>
												<animation reversible="false" effect="zoom" end="0,16,128,168" start="-12,-10,148,198" time="150">unfocus</animation>												
										</control>
										<control type="image">
												<depth>DepthContentPopout</depth>
												<left>90</left>
												<top>150</top>
												<width>35</width>
												<height>35</height>
												<aspectratio>keep</aspectratio>
												<texture>$INFO[ListItem.Overlay]</texture>
												<animation type="focus">
														<effect type="fade" start="0" end="100" time="150" />
														<effect type="slide" start="0,0" end="10,5" time="150" />
												</animation>
												<animation type="unfocus">
														<effect type="fade" start="100" end="0" time="150" />
														<effect type="slide" end="0,0" start="10,5" time="150" />
												</animation>
										</control>
								</focusedlayout>
						</control>
						<control type="scrollbar" id="60">
								<depth>DepthContent</depth>
								<left>310</left>
								<top>185</top>
								<width>660</width>
								<height>25</height>
								<texturesliderbackground border="14,0,14,0">scrollbarh.png</texturesliderbackground>
								<texturesliderbar border="14,0,14,0">scrollbarh_bar.png</texturesliderbar>
								<texturesliderbarfocus border="14,0,14,0">scrollbarh_bar_focus.png</texturesliderbarfocus>
								<textureslidernib>scrollbarnib.png</textureslidernib>
								<textureslidernibfocus>scrollbarnib.png</textureslidernibfocus>
								<onup>508</onup>
								<ondown>2</ondown>
								<showonepage>false</showonepage>
								<orientation>horizontal</orientation>
								<visible>Control.IsVisible(508)</visible>
						</control>
				</control>
				<control type="group">
						<left>180</left>
						<top>40</top>
						<visible>Control.IsVisible(508) + ![ListItem.IsFolder + Container.Content(Movies)] + !Skin.HasSetting(View508HideInfo) + !Container.Content(Sets)</visible>
						<include>VisibleFadeEffect</include>
						<control type="image">
								<left>0</left>
								<top>0</top>
								<width>920</width>
								<height>410</height>
								<texture border="20">ContentPanel.png</texture>
						</control>
						<control type="label">
								<left>40</left>
								<top>20</top>
								<width>840</width>
								<height>20</height>
								<font>font24_title</font>
								<textcolor>blue</textcolor>
								<scroll>true</scroll>
								<align>center</align>
								<aligny>center</aligny>
								<label>$INFO[ListItem.Label]</label>
						</control>
						<control type="group">
								<left>40</left>
								<top>50</top>
								<visible>Container.Content(Movies)</visible>
								<control type="label">
										<left>0</left>
										<top>0</top>
										<width>400</width>
										<height>30</height>
										<font>font13_title</font>
										<textcolor>white</textcolor>
										<scroll>true</scroll>
										<align>left</align>
										<aligny>center</aligny>
										<label>31308</label>
								</control>
								<control type="fadelabel">
										<left>0</left>
										<top>30</top>
										<width>400</width>
										<height>30</height>
										<font>font13</font>
										<textcolor>white</textcolor>
										<scroll>true</scroll>
										<align>left</align>
										<aligny>center</aligny>
										<label>$INFO[ListItem.Genre]</label>
										<scrollout>false</scrollout>
										<pauseatend>2000</pauseatend>
								</control>
								<control type="fadelabel">
										<left>0</left>
										<top>55</top>
										<width>400</width>
										<height>30</height>
										<font>font13</font>
										<textcolor>white</textcolor>
										<scroll>true</scroll>
										<align>left</align>
										<aligny>center</aligny>
										<label>$INFO[ListItem.Year]</label>
										<scrollout>false</scrollout>
										<pauseatend>2000</pauseatend>
								</control>
								<control type="fadelabel">
										<left>0</left>
										<top>80</top>
										<width>400</width>
										<height>30</height>
										<font>font13</font>
										<textcolor>white</textcolor>
										<scroll>true</scroll>
										<align>left</align>
										<aligny>center</aligny>
										<label>$VAR[DurationInMinutes]</label>
										<scrollout>false</scrollout>
										<pauseatend>2000</pauseatend>
								</control>
								<control type="fadelabel">
										<left>0</left>
										<top>105</top>
										<width>400</width>
										<height>30</height>
										<font>font13</font>
										<textcolor>white</textcolor>
										<scroll>true</scroll>
										<align>left</align>
										<aligny>center</aligny>
										<label>$LOCALIZE[563] : $INFO[ListItem.RatingAndVotes]</label>
										<scrollout>false</scrollout>
										<pauseatend>2000</pauseatend>
								</control>
						</control>
						<control type="group">
								<left>480</left>
								<top>50</top>
								<visible>Container.Content(Movies)</visible>
								<control type="label">
										<left>0</left>
										<top>0</top>
										<width>400</width>
										<height>30</height>
										<font>font13_title</font>
										<textcolor>white</textcolor>
										<scroll>true</scroll>
										<align>left</align>
										<aligny>center</aligny>
										<label>20339</label>
								</control>
								<control type="label">
										<left>0</left>
										<top>30</top>
										<width>400</width>
										<height>30</height>
										<font>font13</font>
										<textcolor>white</textcolor>
										<scroll>true</scroll>
										<align>left</align>
										<aligny>center</aligny>
										<label>$INFO[ListItem.Director]</label>
								</control>
								<control type="label">
										<left>0</left>
										<top>75</top>
										<width>400</width>
										<height>30</height>
										<font>font13_title</font>
										<textcolor>white</textcolor>
										<scroll>true</scroll>
										<align>left</align>
										<aligny>center</aligny>
										<label>20417</label>
								</control>
								<control type="label">
										<left>0</left>
										<top>105</top>
										<width>400</width>
										<height>30</height>
										<font>font13</font>
										<textcolor>white</textcolor>
										<scroll>true</scroll>
										<align>left</align>
										<aligny>top</aligny>
										<label>$INFO[ListItem.Writer]</label>
								</control>
						</control>
						<control type="group">
								<left>40</left>
								<top>50</top>
								<visible>Container.Content(TVShows)</visible>
								<control type="label">
										<left>0</left>
										<top>0</top>
										<width>400</width>
										<height>30</height>
										<font>font13_title</font>
										<textcolor>white</textcolor>
										<scroll>true</scroll>
										<align>left</align>
										<aligny>center</aligny>
										<label>20351</label>
								</control>
								<control type="fadelabel">
										<left>0</left>
										<top>30</top>
										<width>400</width>
										<height>30</height>
										<font>font13</font>
										<textcolor>white</textcolor>
										<scroll>true</scroll>
										<align>left</align>
										<aligny>center</aligny>
										<label>$INFO[ListItem.Genre]</label>
										<scrollout>false</scrollout>
										<pauseatend>2000</pauseatend>
								</control>
								<control type="fadelabel">
										<left>0</left>
										<top>55</top>
										<width>400</width>
										<height>30</height>
										<font>font13</font>
										<textcolor>white</textcolor>
										<scroll>true</scroll>
										<align>left</align>
										<aligny>center</aligny>
										<label>$INFO[ListItem.Year]</label>
										<scrollout>false</scrollout>
										<pauseatend>2000</pauseatend>
								</control>
								<control type="fadelabel">
										<left>0</left>
										<top>80</top>
										<width>400</width>
										<height>30</height>
										<font>font13</font>
										<textcolor>white</textcolor>
										<scroll>true</scroll>
										<align>left</align>
										<aligny>center</aligny>
										<label>$LOCALIZE[563] : $INFO[ListItem.RatingAndVotes]</label>
										<scrollout>false</scrollout>
										<pauseatend>2000</pauseatend>
								</control>
						</control>
						<control type="group">
								<left>480</left>
								<top>50</top>
								<visible>Container.Content(TVShows)</visible>
								<control type="label">
										<left>0</left>
										<top>0</top>
										<width>400</width>
										<height>30</height>
										<font>font13_title</font>
										<textcolor>white</textcolor>
										<scroll>true</scroll>
										<align>left</align>
										<aligny>center</aligny>
										<label>20360</label>
								</control>
								<control type="label">
										<left>0</left>
										<top>30</top>
										<width>400</width>
										<height>30</height>
										<font>font13</font>
										<textcolor>white</textcolor>
										<scroll>true</scroll>
										<align>left</align>
										<aligny>center</aligny>
										<label>$LOCALIZE[20161] : $INFO[ListItem.Episode]</label>
								</control>
								<control type="label">
										<left>0</left>
										<top>55</top>
										<width>400</width>
										<height>30</height>
										<font>font13</font>
										<textcolor>white</textcolor>
										<scroll>true</scroll>
										<align>left</align>
										<aligny>center</aligny>
										<label>$LOCALIZE[16102] : $INFO[ListItem.Property(WatchedEpisodes)]</label>
								</control>
								<control type="label">
										<left>0</left>
										<top>80</top>
										<width>400</width>
										<height>30</height>
										<font>font13</font>
										<textcolor>white</textcolor>
										<scroll>true</scroll>
										<align>left</align>
										<aligny>center</aligny>
										<label>$LOCALIZE[16101] : $INFO[ListItem.Property(UnWatchedEpisodes)]</label>
								</control>
						</control>
						<control type="group">
								<left>40</left>
								<top>200</top>
								<control type="label">
										<left>0</left>
										<top>0</top>
										<width>400</width>
										<height>30</height>
										<font>font13_title</font>
										<textcolor>white</textcolor>
										<scroll>true</scroll>
										<align>left</align>
										<aligny>center</aligny>
										<label>207</label>
								</control>
								<control type="textbox">
										<description>Description Value The Movie</description>
										<left>0</left>
										<top>32</top>
										<width>850</width>
										<height>98</height>
										<font>font13</font>
										<align>justify</align>
										<textcolor>white</textcolor>
										<label>$INFO[ListItem.Plot]</label>
										<autoscroll time="2000" delay="3000" repeat="5000">Skin.HasSetting(AutoScroll)</autoscroll>
								</control>
						</control>
						<control type="grouplist">
								<description>Media Codec Flagging Images</description>
								<left>30</left>
								<top>360</top>
								<width>800</width>
								<align>left</align>
								<itemgap>2</itemgap>
								<orientation>horizontal</orientation>
								<include>VideoCodecFlaggingConditions</include>
								<include>AudioCodecFlaggingConditions</include>
								<include>AudioChannelsFlaggingConditions</include>
								<include>AspectCodecFlaggingConditions</include>
								<include>VideoStereoscopicsFlaggingConditions</include>
								<include>VideoTypeHackFlaggingConditions</include>
						</control>
						<control type="grouplist">
								<description>MPAA Rating Flagging Images</description>
								<left>95</left>
								<top>360</top>
								<width>800</width>
								<align>right</align>
								<itemgap>0</itemgap>
								<orientation>horizontal</orientation>
								<include>VideoMPAAFlaggingConditions</include>
						</control>
				</control>
		</include>
		<include name="MediaListView3">
				<control type="group">
						<visible>Control.IsVisible(503)</visible>
						<include>VisibleFadeEffect</include>
						<control type="list" id="503">
								<left>70</left>
								<top>245</top>
								<width>580</width>
								<height>401</height>
								<onleft>2</onleft>
								<onright>60</onright>
								<onup>503</onup>
								<ondown>503</ondown>
								<viewtype label="$LOCALIZE[544] 2">list</viewtype>
								<pagecontrol>60</pagecontrol>
								<scrolltime>200</scrolltime>
								<visible>Container.Content(TVShows) | Container.Content(Seasons) | Container.Content(Episodes) | Container.Content(Movies)</visible>
								<itemlayout height="40" width="580">
										<control type="image">
												<left>0</left>
												<top>0</top>
												<width>580</width>
												<height>41</height>
												<texture border="0,2,0,2">MenuItemNF.png</texture>
										</control>
										<control type="label">
												<left>10</left>
												<top>0</top>
												<width>520</width>
												<height>40</height>
												<font>font13</font>
												<textcolor>grey2</textcolor>
												<selectedcolor>selected</selectedcolor>
												<align>left</align>
												<aligny>center</aligny>
												<label>$INFO[ListItem.Label]</label>
										</control>
										<control type="label">
												<left>10</left>
												<top>0</top>
												<width>500</width>
												<height>40</height>
												<font>font12</font>
												<textcolor>grey2</textcolor>
												<selectedcolor>selected</selectedcolor>
												<align>right</align>
												<aligny>center</aligny>
												<label>$INFO[ListItem.Label2]</label>
												<visible>Window.IsVisible(Videos)</visible>
												<animation effect="slide" start="0,0" end="40,0" delay="0" time="0" condition="![Container.Content(Movies) | Container.Content(Episodes) | Container.Content(MusicVideos)]">conditional</animation>
										</control>
										<control type="image">
												<left>515</left>
												<top>8</top>
												<width>40</width>
												<height>26</height>
												<texture>$VAR[MediaInfoOverlayVar]</texture>
												<aspectratio>keep</aspectratio>
												<visible>Container.Content(Movies) | Container.Content(Sets) | Container.Content(Episodes) | Container.Content(MusicVideos)</visible>
										</control>
										<control type="image">
												<left>555</left>
												<top>14</top>
												<width>16</width>
												<height>16</height>
												<texture>OverlayWatching.png</texture>
												<visible>ListItem.IsResumable</visible>
										</control>
										<control type="image">
												<left>555</left>
												<top>14</top>
												<width>16</width>
												<height>16</height>
												<texture>$INFO[ListItem.Overlay]</texture>
												<aspectratio align="left">keep</aspectratio>
										</control>
								</itemlayout>
								<focusedlayout height="40" width="580">
										<control type="image">
												<left>0</left>
												<top>0</top>
												<width>580</width>
												<height>41</height>
												<texture border="0,2,0,2">MenuItemNF.png</texture>
												<visible>!Control.HasFocus(503)</visible>
												<include>VisibleFadeEffect</include>
										</control>
										<control type="image">
												<left>0</left>
												<top>0</top>
												<width>580</width>
												<height>41</height>
												<texture border="0,2,0,2">MenuItemFO.png</texture>
												<visible>Control.HasFocus(503)</visible>
												<include>VisibleFadeEffect</include>
										</control>
										<control type="image">
												<left>380</left>
												<top>5</top>
												<width>200</width>
												<height>31</height>
												<texture border="0,0,14,0">MediaItemDetailBG.png</texture>
												<visible>Control.HasFocus(503) + !String.IsEmpty(ListItem.Label2)</visible>
										</control>
										<control type="label">
												<left>10</left>
												<top>0</top>
												<width>520</width>
												<height>40</height>
												<font>font13</font>
												<textcolor>white</textcolor>
												<selectedcolor>selected</selectedcolor>
												<align>left</align>
												<aligny>center</aligny>
												<label>$INFO[ListItem.Label]</label>
										</control>
										<control type="label">
												<left>10</left>
												<top>0</top>
												<width>500</width>
												<height>40</height>
												<font>font12</font>
												<textcolor>grey2</textcolor>
												<selectedcolor>selected</selectedcolor>
												<align>right</align>
												<aligny>center</aligny>
												<label>$INFO[ListItem.Label2]</label>
												<visible>Window.IsVisible(Videos)</visible>
												<animation effect="slide" start="0,0" end="40,0" delay="0" time="0" condition="![Container.Content(Movies) | Container.Content(Episodes) | Container.Content(MusicVideos)]">conditional</animation>
										</control>
										<control type="image">
												<left>515</left>
												<top>8</top>
												<width>40</width>
												<height>26</height>
												<texture>$VAR[MediaInfoOverlayVar]</texture>
												<aspectratio>keep</aspectratio>
												<visible>Container.Content(Movies) | Container.Content(Sets) | Container.Content(Episodes) | Container.Content(MusicVideos)</visible>
										</control>
										<control type="image">
												<left>555</left>
												<top>14</top>
												<width>16</width>
												<height>16</height>
												<texture>OverlayWatching.png</texture>
												<visible>ListItem.IsResumable</visible>
										</control>
										<control type="image">
												<left>555</left>
												<top>14</top>
												<width>16</width>
												<height>16</height>
												<texture>$INFO[ListItem.Overlay]</texture>
												<aspectratio align="left">keep</aspectratio>
										</control>
								</focusedlayout>
						</control>
						<control type="scrollbar" id="60">
								<left>650</left>
								<top>245</top>
								<width>25</width>
								<height>400</height>
								<texturesliderbackground border="0,14,0,14">scrollbarv.png</texturesliderbackground>
								<texturesliderbar border="0,14,0,14">scrollbarv_bar.png</texturesliderbar>
								<texturesliderbarfocus border="0,14,0,14">scrollbarv_bar_focus.png</texturesliderbarfocus>
								<textureslidernib>scrollbarnib.png</textureslidernib>
								<textureslidernibfocus>scrollbarnib.png</textureslidernibfocus>
								<onleft>503</onleft>
								<onright>2</onright>
								<showonepage>false</showonepage>
								<orientation>vertical</orientation>
								<visible>Control.IsVisible(503)</visible>
						</control>
						<control type="group">
								<left>710</left>
								<top>245</top>
								<visible>Container.Content(TVShows)</visible>
								<control type="image">
										<left>0</left>
										<top>0</top>
										<width>530</width>
										<height>110</height>
										<aspectratio>keep</aspectratio>
										<fadetime>IconCrossfadeTime</fadetime>
										<texture background="true">$VAR[BannerThumb]</texture>
										<bordertexture background="true" border="6">thumbshadow.png</bordertexture>
										<bordersize>6</bordersize>
								</control>
								<control type="label">
										<description>Episodes txt</description>
										<left>10</left>
										<top>120</top>
										<width>140</width>
										<height>25</height>
										<label>$LOCALIZE[20360]:</label>
										<align>right</align>
										<aligny>center</aligny>
										<font>font12</font>
										<textcolor>blue</textcolor>
								</control>
								<control type="label">
										<description>Episodes Value</description>
										<left>160</left>
										<top>120</top>
										<width>360</width>
										<height>25</height>
										<label fallback="10005">$INFO[listitem.episode] [COLOR=grey] ($INFO[ListItem.Property(WatchedEpisodes),, $LOCALIZE[16102]] - $INFO[ListItem.Property(UnWatchedEpisodes), , $LOCALIZE[16101]])[/COLOR]</label>
										<align>left</align>
										<aligny>center</aligny>
										<font>font12</font>
										<scroll>true</scroll>
								</control>
								<control type="label">
										<description>Aired txt</description>
										<left>10</left>
										<top>145</top>
										<width>140</width>
										<height>25</height>
										<label>$LOCALIZE[31322]:</label>
										<align>right</align>
										<aligny>center</aligny>
										<font>font12</font>
										<textcolor>blue</textcolor>
								</control>
								<control type="label">
										<description>Aired Value</description>
										<left>160</left>
										<top>145</top>
										<width>360</width>
										<height>25</height>
										<label fallback="10005">$INFO[listitem.premiered]</label>
										<align>left</align>
										<aligny>center</aligny>
										<font>font12</font>
										<scroll>true</scroll>
								</control>
								<control type="label">
										<description>Genre txt</description>
										<left>10</left>
										<top>170</top>
										<width>140</width>
										<height>25</height>
										<label>$LOCALIZE[515]:</label>
										<align>right</align>
										<aligny>center</aligny>
										<font>font12</font>
										<textcolor>blue</textcolor>
								</control>
								<control type="fadelabel">
										<description>Genre Value</description>
										<left>160</left>
										<top>170</top>
										<width>360</width>
										<height>25</height>
										<label fallback="10005">$INFO[listitem.Genre]</label>
										<align>left</align>
										<aligny>center</aligny>
										<font>font12</font>
										<scrollout>false</scrollout>
										<pauseatend>1000</pauseatend>
								</control>
								<control type="image">
										<left>0</left>
										<top>200</top>
										<width>530</width>
										<height>4</height>
										<texture>separator.png</texture>
								</control>
								<control type="textbox">
										<description>Description Value for TVShows</description>
										<left>10</left>
										<top>212</top>
										<width>510</width>
										<height>188</height>
										<font>font13</font>
										<align>justify</align>
										<textcolor>white</textcolor>
										<label>$INFO[ListItem.Plot]</label>
										<autoscroll time="2000" delay="3000" repeat="5000">Skin.HasSetting(AutoScroll)</autoscroll>
								</control>
						</control>
						<control type="group">
								<left>710</left>
								<top>245</top>
								<visible>Container.Content(Episodes)</visible>
								<control type="image">
										<left>0</left>
										<top>0</top>
										<width>530</width>
										<height>210</height>
										<aspectratio>keep</aspectratio>
										<fadetime>IconCrossfadeTime</fadetime>
										<texture background="true">$INFO[ListItem.Icon]</texture>
										<bordertexture background="true" border="6">thumbshadow.png</bordertexture>
										<bordersize>6</bordersize>
								</control>
								<control type="grouplist">
										<description>Media Codec Flagging Images</description>
										<left>0</left>
										<top>210</top>
										<width>530</width>
										<align>center</align>
										<itemgap>2</itemgap>
										<orientation>horizontal</orientation>
										<include>VideoCodecFlaggingConditions</include>
										<include>AudioCodecFlaggingConditions</include>
										<include>AudioChannelsFlaggingConditions</include>
										<include>AspectCodecFlaggingConditions</include>
										<include>VideoStereoscopicsFlaggingConditions</include>
										<include>VideoTypeHackFlaggingConditions</include>
								</control>
								<control type="label">
										<description>INFO txt</description>
										<left>10</left>
										<top>245</top>
										<width>510</width>
										<height>30</height>
										<label>$INFO[ListItem.Season,[COLOR=blue] $LOCALIZE[20373] :[/COLOR] ] $INFO[ListItem.episode,[COLOR=blue] $LOCALIZE[20359] :[/COLOR] ] $INFO[ListItem.premiered,[COLOR=blue] $LOCALIZE[31322] :[/COLOR] ]</label>
										<align>center</align>
										<aligny>center</aligny>
										<font>font12</font>
										<textcolor>white</textcolor>
										<wrapmultiline>true</wrapmultiline>
								</control>
								<control type="image">
										<left>0</left>
										<top>275</top>
										<width>530</width>
										<height>4</height>
										<texture>separator.png</texture>
								</control>
								<control type="textbox">
										<description>Description Value for TVShows</description>
										<left>10</left>
										<top>282</top>
										<width>510</width>
										<height>118</height>
										<font>font13</font>
										<align>justify</align>
										<textcolor>white</textcolor>
										<label>$INFO[ListItem.Plot]</label>
										<autoscroll time="2000" delay="3000" repeat="5000">Skin.HasSetting(AutoScroll)</autoscroll>
								</control>
						</control>
						<control type="group">
								<left>710</left>
								<top>245</top>
								<visible>Container.Content(Seasons)</visible>
								<control type="image">
										<left>0</left>
										<top>0</top>
										<width>260</width>
										<height>355</height>
										<aspectratio>keep</aspectratio>
										<fadetime>IconCrossfadeTime</fadetime>
										<texture background="true">$INFO[ListItem.Icon]</texture>
										<bordertexture background="true" border="6">thumbshadow.png</bordertexture>
										<bordersize>6</bordersize>
								</control>
								<control type="textbox">
										<description>Description Value for Seasons</description>
										<left>270</left>
										<top>2</top>
										<width>250</width>
										<height>353</height>
										<font>font13</font>
										<align>justify</align>
										<textcolor>white</textcolor>
										<label>$INFO[Container.ShowPlot]</label>
										<autoscroll time="2000" delay="3000" repeat="5000">Skin.HasSetting(AutoScroll)</autoscroll>
										<visible>Container.Content(Seasons)</visible>
								</control>
								<control type="label">
										<description>Watched Count</description>
										<left>10</left>
										<top>370</top>
										<width>510</width>
										<height>25</height>
										<label>[COLOR=white]$LOCALIZE[20360]:[/COLOR] $INFO[ListItem.Property(WatchedEpisodes),([COLOR=blue],[/COLOR]) $LOCALIZE[16102]] $INFO[ListItem.Property(UnWatchedEpisodes),([COLOR=blue],[/COLOR]) $LOCALIZE[16101]]</label>
										<align>center</align>
										<aligny>center</aligny>
										<font>font12</font>
										<textcolor>grey2</textcolor>
								</control>
						</control>
						<control type="group">
								<left>710</left>
								<top>245</top>
								<visible>Container.Content(Movies)</visible>
								<control type="image">
										<left>0</left>
										<top>0</top>
										<width>260</width>
										<height>355</height>
										<aspectratio>keep</aspectratio>
										<fadetime>IconCrossfadeTime</fadetime>
										<texture background="true">$VAR[PosterThumb]</texture>
										<bordertexture background="true" border="6">thumbshadow.png</bordertexture>
										<bordersize>6</bordersize>
								</control>
								<control type="grouplist">
										<description>Media Codec Flagging Images</description>
										<left>0</left>
										<top>365</top>
										<width>530</width>
										<align>center</align>
										<itemgap>2</itemgap>
										<orientation>horizontal</orientation>
										<include>VideoCodecFlaggingConditions</include>
										<include>AudioCodecFlaggingConditions</include>
										<include>AudioChannelsFlaggingConditions</include>
										<include>AspectCodecFlaggingConditions</include>
										<include>VideoStereoscopicsFlaggingConditions</include>
										<include>VideoTypeHackFlaggingConditions</include>
								</control>
								<control type="textbox">
										<description>Description Value for Movie</description>
										<left>270</left>
										<top>2</top>
										<width>250</width>
										<height>353</height>
										<font>font13</font>
										<align>justify</align>
										<textcolor>white</textcolor>
										<label>$INFO[ListItem.Plot]</label>
										<autoscroll time="2000" delay="3000" repeat="5000">Skin.HasSetting(AutoScroll)</autoscroll>
								</control>
						</control>
				</control>
		</include>
		<include name="MediaListView2">
				<control type="group">
						<visible>Control.IsVisible(504)</visible>
						<include>VisibleFadeEffect</include>
						<control type="list" id="504">
								<left>70</left>
								<top>78</top>
								<width>580</width>
								<height>561</height>
								<onleft>2</onleft>
								<onright>60</onright>
								<onup>504</onup>
								<ondown>504</ondown>
								<viewtype label="$LOCALIZE[544]">list</viewtype>
								<pagecontrol>60</pagecontrol>
								<scrolltime>200</scrolltime>
								<visible>Container.Content(TVShows) | Container.Content(Movies) | Container.Content(Episodes) | Container.Content(Videos)</visible>
								<itemlayout height="40" width="580">
										<control type="image">
												<left>0</left>
												<top>0</top>
												<width>580</width>
												<height>41</height>
												<texture border="0,2,0,2">MenuItemNF.png</texture>
										</control>
										<control type="label">
												<left>10</left>
												<top>0</top>
												<width>520</width>
												<height>40</height>
												<font>font13</font>
												<textcolor>grey2</textcolor>
												<selectedcolor>selected</selectedcolor>
												<align>left</align>
												<aligny>center</aligny>
												<label>$INFO[ListItem.Label]</label>
										</control>
										<control type="label">
												<left>10</left>
												<top>0</top>
												<width>500</width>
												<height>40</height>
												<font>font12</font>
												<textcolor>grey2</textcolor>
												<selectedcolor>selected</selectedcolor>
												<align>right</align>
												<aligny>center</aligny>
												<label>$INFO[ListItem.Label2]</label>
												<visible>Window.IsVisible(Videos)</visible>
												<animation effect="slide" start="0,0" end="40,0" delay="0" time="0" condition="![Container.Content(Movies) | Container.Content(Episodes) | Container.Content(MusicVideos)]">conditional</animation>
										</control>
										<control type="image">
												<left>515</left>
												<top>8</top>
												<width>40</width>
												<height>26</height>
												<texture>$VAR[MediaInfoOverlayVar]</texture>
												<aspectratio>keep</aspectratio>
												<visible>Container.Content(Movies) | Container.Content(Sets) | Container.Content(Episodes) | Container.Content(MusicVideos)</visible>
										</control>
										<control type="image">
												<left>555</left>
												<top>14</top>
												<width>16</width>
												<height>16</height>
												<texture>OverlayWatching.png</texture>
												<visible>ListItem.IsResumable</visible>
										</control>
										<control type="image">
												<left>555</left>
												<top>14</top>
												<width>16</width>
												<height>16</height>
												<texture>$INFO[ListItem.Overlay]</texture>
												<aspectratio align="left">keep</aspectratio>
										</control>
								</itemlayout>
								<focusedlayout height="40" width="580">
										<control type="image">
												<left>0</left>
												<top>0</top>
												<width>580</width>
												<height>41</height>
												<texture border="0,2,0,2">MenuItemNF.png</texture>
												<visible>!Control.HasFocus(504)</visible>
												<include>VisibleFadeEffect</include>
										</control>
										<control type="image">
												<left>0</left>
												<top>0</top>
												<width>580</width>
												<height>41</height>
												<texture border="0,2,0,2">MenuItemFO.png</texture>
												<visible>Control.HasFocus(504)</visible>
												<include>VisibleFadeEffect</include>
										</control>
										<control type="image">
												<left>380</left>
												<top>5</top>
												<width>200</width>
												<height>31</height>
												<texture border="0,0,14,0">MediaItemDetailBG.png</texture>
												<visible>Control.HasFocus(504) + !String.IsEmpty(ListItem.Label2)</visible>
										</control>
										<control type="label">
												<left>10</left>
												<top>0</top>
												<width>520</width>
												<height>40</height>
												<font>font13</font>
												<textcolor>white</textcolor>
												<selectedcolor>selected</selectedcolor>
												<align>left</align>
												<aligny>center</aligny>
												<label>$INFO[ListItem.Label]</label>
										</control>
										<control type="label">
												<left>10</left>
												<top>0</top>
												<width>500</width>
												<height>40</height>
												<font>font12</font>
												<textcolor>grey2</textcolor>
												<selectedcolor>selected</selectedcolor>
												<align>right</align>
												<aligny>center</aligny>
												<label>$INFO[ListItem.Label2]</label>
												<visible>Window.IsVisible(Videos)</visible>
												<animation effect="slide" start="0,0" end="40,0" delay="0" time="0" condition="![Container.Content(Movies) | Container.Content(Episodes) | Container.Content(MusicVideos)]">conditional</animation>
										</control>
										<control type="image">
												<left>515</left>
												<top>8</top>
												<width>40</width>
												<height>26</height>
												<texture>$VAR[MediaInfoOverlayVar]</texture>
												<aspectratio>keep</aspectratio>
												<visible>Container.Content(Movies) | Container.Content(Sets) | Container.Content(Episodes) | Container.Content(MusicVideos)</visible>
										</control>
										<control type="image">
												<left>555</left>
												<top>14</top>
												<width>16</width>
												<height>16</height>
												<texture>OverlayWatching.png</texture>
												<visible>ListItem.IsResumable</visible>
										</control>
										<control type="image">
												<left>555</left>
												<top>14</top>
												<width>16</width>
												<height>16</height>
												<texture>$INFO[ListItem.Overlay]</texture>
												<aspectratio align="left">keep</aspectratio>
										</control>
								</focusedlayout>
						</control>
						<control type="scrollbar" id="60">
								<left>650</left>
								<top>78</top>
								<width>25</width>
								<height>560</height>
								<texturesliderbackground border="10,14,10,14">scrollbarv.png</texturesliderbackground>
								<texturesliderbar border="10,14,10,14">scrollbarv_bar.png</texturesliderbar>
								<texturesliderbarfocus border="10,14,10,14">scrollbarv_bar_focus.png</texturesliderbarfocus>
								<textureslidernib>scrollbarnib.png</textureslidernib>
								<textureslidernibfocus>scrollbarnib.png</textureslidernibfocus>
								<onleft>504</onleft>
								<onright>2</onright>
								<showonepage>false</showonepage>
								<orientation>vertical</orientation>
								<visible>Control.IsVisible(504)</visible>
						</control>
						<control type="group">
								<left>710</left>
								<top>70</top>
								<visible>Control.IsVisible(504) + [Container.Content(Movies) | Container.Content(TVShows) | Container.Content(Videos)]</visible>
								<control type="image">
										<left>0</left>
										<top>0</top>
										<width>510</width>
										<height>286</height>
										<aspectratio>scale</aspectratio>
										<fadetime>IconCrossfadeTime</fadetime>
										<texture background="true" fallback="special://backgrounds/Fanart_Fallback_Small.jpg">$INFO[ListItem.Art(fanart)]</texture>
										<visible>Container.Content(Movies)</visible>
										<bordertexture background="true" border="6">thumbshadow.png</bordertexture>
										<bordersize>6</bordersize>
								</control>
								<control type="image">
										<left>0</left>
										<top>0</top>
										<width>510</width>
										<height>325</height>
										<aspectratio>scale</aspectratio>
										<fadetime>IconCrossfadeTime</fadetime>
										<texture background="true" fallback="special://backgrounds/Fanart_Fallback_Small.jpg">$INFO[ListItem.Art(fanart)]</texture>
										<visible>Container.Content(TVShows) | Container.Content(Videos)</visible>
										<bordertexture background="true" border="6">thumbshadow.png</bordertexture>
										<bordersize>6</bordersize>
								</control>
								<control type="grouplist">
										<description>Media Codec Flagging Images</description>
										<left>0</left>
										<top>290</top>
										<width>510</width>
										<align>center</align>
										<itemgap>2</itemgap>
										<orientation>horizontal</orientation>
										<include>VideoCodecFlaggingConditions</include>
										<include>AudioCodecFlaggingConditions</include>
										<include>AudioChannelsFlaggingConditions</include>
										<include>AspectCodecFlaggingConditions</include>
										<include>VideoStereoscopicsFlaggingConditions</include>
										<include>VideoTypeHackFlaggingConditions</include>
								</control>
								<control type="image">
										<left>0</left>
										<top>330</top>
										<width>510</width>
										<height>4</height>
										<texture>separator.png</texture>
								</control>
								<control type="group">
										<visible>!ListItem.IsParentFolder</visible>
										<control type="label">
												<description>Year txt</description>
												<left>-20</left>
												<top>335</top>
												<width>140</width>
												<height>25</height>
												<label>$LOCALIZE[345]:</label>
												<align>right</align>
												<aligny>center</aligny>
												<font>font13_title</font>
												<textcolor>blue</textcolor>
										</control>
										<control type="label">
												<description>Year Value</description>
												<left>130</left>
												<top>335</top>
												<width>340</width>
												<height>25</height>
												<label fallback="10005">$INFO[listitem.Year]</label>
												<align>left</align>
												<aligny>center</aligny>
												<font>font13</font>
												<scroll>true</scroll>
										</control>
										<control type="label">
												<description>Duration txt</description>
												<left>260</left>
												<top>335</top>
												<width>100</width>
												<height>25</height>
												<label>$LOCALIZE[180]:</label>
												<align>right</align>
												<aligny>center</aligny>
												<font>font13_title</font>
												<textcolor>blue</textcolor>
										</control>
										<control type="label">
												<description>Duration Value</description>
												<left>370</left>
												<top>335</top>
												<width>100</width>
												<height>25</height>
												<label fallback="10005">$INFO[listitem.Duration]</label>
												<align>left</align>
												<aligny>center</aligny>
												<font>font13</font>
												<scroll>true</scroll>
										</control>
										<control type="label">
												<description>Genre txt</description>
												<left>-20</left>
												<top>360</top>
												<width>140</width>
												<height>25</height>
												<label>$LOCALIZE[515]:</label>
												<align>right</align>
												<aligny>center</aligny>
												<font>font13_title</font>
												<textcolor>blue</textcolor>
										</control>
										<control type="fadelabel">
												<description>Genre Value</description>
												<left>130</left>
												<top>360</top>
												<width>340</width>
												<height>25</height>
												<label fallback="10005">$INFO[listitem.Genre]</label>
												<align>left</align>
												<aligny>center</aligny>
												<font>font13</font>
												<scrollout>false</scrollout>
												<pauseatend>1000</pauseatend>
										</control>
								</control>
								<control type="image">
										<left>0</left>
										<top>390</top>
										<width>510</width>
										<height>4</height>
										<texture>separator.png</texture>
								</control>
								<control type="textbox">
										<description>Description Value for Video</description>
										<left>10</left>
										<top>397</top>
										<width>490</width>
										<height>168</height>
										<font>font13</font>
										<align>justify</align>
										<textcolor>white</textcolor>
										<label>$INFO[ListItem.Plot]</label>
										<autoscroll time="2000" delay="3000" repeat="5000">Skin.HasSetting(AutoScroll)</autoscroll>
								</control>
						</control>
						<control type="group">
								<left>710</left>
								<top>70</top>
								<visible>Control.IsVisible(504) + Container.Content(Episodes)</visible>
								<control type="image">
										<left>0</left>
										<top>0</top>
										<width>510</width>
										<height>286</height>
										<aspectratio>scale</aspectratio>
										<fadetime>IconCrossfadeTime</fadetime>
										<texture background="true">$INFO[ListItem.Icon]</texture>
										<bordertexture background="true" border="6">thumbshadow.png</bordertexture>
										<bordersize>6</bordersize>
								</control>
								<control type="grouplist">
										<description>Media Codec Flagging Images</description>
										<left>0</left>
										<top>290</top>
										<width>510</width>
										<align>center</align>
										<itemgap>2</itemgap>
										<orientation>horizontal</orientation>
										<include>VideoCodecFlaggingConditions</include>
										<include>AudioCodecFlaggingConditions</include>
										<include>AudioChannelsFlaggingConditions</include>
										<include>AspectCodecFlaggingConditions</include>
										<include>VideoStereoscopicsFlaggingConditions</include>
										<include>VideoTypeHackFlaggingConditions</include>
								</control>
								<control type="image">
										<left>0</left>
										<top>330</top>
										<width>510</width>
										<height>4</height>
										<texture>separator.png</texture>
								</control>
								<control type="group">
										<visible>!ListItem.IsParentFolder</visible>
										<control type="label">
												<description>Aired txt</description>
												<left>10</left>
												<top>335</top>
												<width>140</width>
												<height>25</height>
												<label>$LOCALIZE[31322]:</label>
												<align>right</align>
												<aligny>center</aligny>
												<font>font13_title</font>
												<textcolor>blue</textcolor>
										</control>
										<control type="label">
												<description>Aired Value</description>
												<left>160</left>
												<top>335</top>
												<width>110</width>
												<height>25</height>
												<label fallback="10005">$INFO[listitem.Premiered]</label>
												<align>left</align>
												<aligny>center</aligny>
												<font>font13</font>
												<scroll>true</scroll>
										</control>
										<control type="label">
												<description>Duration txt</description>
												<left>260</left>
												<top>335</top>
												<width>100</width>
												<height>25</height>
												<label>$LOCALIZE[180]:</label>
												<align>right</align>
												<aligny>center</aligny>
												<font>font13_title</font>
												<textcolor>blue</textcolor>
										</control>
										<control type="label">
												<description>Duration Value</description>
												<left>370</left>
												<top>335</top>
												<width>120</width>
												<height>25</height>
												<label fallback="10005">$INFO[listitem.Duration]</label>
												<align>left</align>
												<aligny>center</aligny>
												<font>font13</font>
												<scroll>true</scroll>
										</control>
										<control type="label">
												<description>Episode txt</description>
												<left>10</left>
												<top>360</top>
												<width>140</width>
												<height>25</height>
												<label>$LOCALIZE[20359]:</label>
												<align>right</align>
												<aligny>center</aligny>
												<font>font13_title</font>
												<textcolor>blue</textcolor>
										</control>
										<control type="fadelabel">
												<description>Episode Value</description>
												<left>160</left>
												<top>360</top>
												<width>340</width>
												<height>25</height>
												<label fallback="10005">$INFO[listitem.Season,,x]$INFO[listitem.Episode]</label>
												<align>left</align>
												<aligny>center</aligny>
												<font>font13</font>
												<scrollout>false</scrollout>
												<pauseatend>1000</pauseatend>
										</control>
								</control>
								<control type="image">
										<left>0</left>
										<top>390</top>
										<width>510</width>
										<height>4</height>
										<texture>separator.png</texture>
								</control>
								<control type="textbox">
										<description>Description Value for Video</description>
										<left>10</left>
										<top>397</top>
										<width>490</width>
										<height>168</height>
										<font>font13</font>
										<align>justify</align>
										<textcolor>white</textcolor>
										<label>$INFO[ListItem.Plot]</label>
										<autoscroll time="2000" delay="3000" repeat="5000">Skin.HasSetting(AutoScroll)</autoscroll>
								</control>
						</control>
				</control>
		</include>
		<include name="MediaListView4">
				<control type="group">
						<visible>Control.IsVisible(515)</visible>
						<include>VisibleFadeEffect</include>
						<control type="list" id="515">
								<left>70</left>
								<top>78</top>
								<width>340</width>
								<height>561</height>
								<onleft>2</onleft>
								<onright>60</onright>
								<onup>515</onup>
								<ondown>515</ondown>
								<viewtype label="$LOCALIZE[544] 3">list</viewtype>
								<pagecontrol>60</pagecontrol>
								<scrolltime>200</scrolltime>
								<visible>Container.Content(TVShows) | Container.Content(Movies) | Container.Content(Episodes) | Container.Content(Seasons)</visible>
								<itemlayout height="40" width="345">
										<control type="image">
												<left>0</left>
												<top>0</top>
												<width>345</width>
												<height>41</height>
												<texture border="0,2,0,2">MenuItemNF.png</texture>
										</control>
										<control type="label">
												<left>10</left>
												<top>0</top>
												<width>310</width>
												<height>40</height>
												<font>font13</font>
												<textcolor>grey2</textcolor>
												<selectedcolor>selected</selectedcolor>
												<align>left</align>
												<aligny>center</aligny>
												<label>$INFO[ListItem.Label]</label>
										</control>
										<control type="image">
												<left>320</left>
												<top>14</top>
												<width>16</width>
												<height>16</height>
												<texture>OverlayWatching.png</texture>
												<visible>ListItem.IsResumable</visible>
										</control>
										<control type="image">
												<left>320</left>
												<top>14</top>
												<width>20</width>
												<height>16</height>
												<texture>$INFO[ListItem.Overlay]</texture>
												<aspectratio>keep</aspectratio>
										</control>
								</itemlayout>
								<focusedlayout height="40" width="345">
										<control type="image">
												<left>0</left>
												<top>0</top>
												<width>345</width>
												<height>41</height>
												<texture border="0,2,0,2">MenuItemNF.png</texture>
												<visible>!Control.HasFocus(515)</visible>
												<include>VisibleFadeEffect</include>
										</control>
										<control type="image">
												<left>0</left>
												<top>0</top>
												<width>345</width>
												<height>41</height>
												<texture border="0,2,0,2">MenuItemFO.png</texture>
												<visible>Control.HasFocus(515)</visible>
												<include>VisibleFadeEffect</include>
										</control>
										<control type="label">
												<left>10</left>
												<top>0</top>
												<width>310</width>
												<height>40</height>
												<font>font13</font>
												<textcolor>white</textcolor>
												<selectedcolor>selected</selectedcolor>
												<align>left</align>
												<aligny>center</aligny>
												<label>$INFO[ListItem.Label]</label>
										</control>
										<control type="image">
												<left>320</left>
												<top>14</top>
												<width>16</width>
												<height>16</height>
												<texture>OverlayWatching.png</texture>
												<visible>ListItem.IsResumable</visible>
										</control>
										<control type="image">
												<left>320</left>
												<top>14</top>
												<width>20</width>
												<height>16</height>
												<texture>$INFO[ListItem.Overlay]</texture>
												<aspectratio>keep</aspectratio>
										</control>
								</focusedlayout>
						</control>
						<control type="scrollbar" id="60">
								<left>415</left>
								<top>78</top>
								<width>25</width>
								<height>560</height>
								<texturesliderbackground border="10,14,10,14">scrollbarv.png</texturesliderbackground>
								<texturesliderbar border="10,14,10,14">scrollbarv_bar.png</texturesliderbar>
								<texturesliderbarfocus border="10,14,10,14">scrollbarv_bar_focus.png</texturesliderbarfocus>
								<textureslidernib>scrollbarnib.png</textureslidernib>
								<textureslidernibfocus>scrollbarnib.png</textureslidernibfocus>
								<onleft>515</onleft>
								<onright>2</onright>
								<showonepage>false</showonepage>
								<orientation>vertical</orientation>
								<visible>Control.IsVisible(515)</visible>
						</control>
						<control type="group">
								<left>470</left>
								<top>70</top>
								<visible>Control.IsVisible(515) + Container.Content(Movies)</visible>
								<control type="image">
										<left>0</left>
										<top>0</top>
										<width>750</width>
										<height>420</height>
										<aspectratio scalediffuse="false">scale</aspectratio>
										<fadetime>IconCrossfadeTime</fadetime>
										<texture diffuse="Fanart_Diffuse.png" background="true" fallback="special://backgrounds/Fanart_Fallback_Small.jpg">$INFO[ListItem.Art(fanart)]</texture>
								</control>
								<control type="label">
										<left>10</left>
										<top>395</top>
										<width>540</width>
										<height>30</height>
										<font>font24_title</font>
										<textcolor>white</textcolor>
										<align>left</align>
										<aligny>center</aligny>
										<label>$INFO[ListItem.Label]</label>
								</control>
								<control type="textbox">
										<description>Description Value for Video</description>
										<left>10</left>
										<top>432</top>
										<width>540</width>
										<height>98</height>
										<font>font13</font>
										<align>justify</align>
										<textcolor>white</textcolor>
										<label>$INFO[ListItem.Plot]</label>
										<autoscroll time="2000" delay="3000" repeat="5000">Skin.HasSetting(AutoScroll)</autoscroll>
								</control>
								<control type="grouplist">
										<description>Media Codec Flagging Images</description>
										<left>0</left>
										<top>540</top>
										<width>540</width>
										<align>left</align>
										<itemgap>2</itemgap>
										<orientation>horizontal</orientation>
										<include>VideoCodecFlaggingConditions</include>
										<include>AudioCodecFlaggingConditions</include>
										<include>AudioChannelsFlaggingConditions</include>
										<include>AspectCodecFlaggingConditions</include>
										<include>VideoStereoscopicsFlaggingConditions</include>
										<include>VideoTypeHackFlaggingConditions</include>
								</control>
								<control type="image">
										<depth>DepthContent+</depth>
										<left>560</left>
										<top>140</top>
										<width>180</width>
										<height>440</height>
										<aspectratio align="left" aligny="bottom">keep</aspectratio>
										<fadetime>IconCrossfadeTime</fadetime>
										<texture background="true">$VAR[PosterThumb]</texture>
										<bordertexture background="true" border="6">thumbshadow.png</bordertexture>
										<bordersize>6</bordersize>
								</control>
						</control>
						<control type="group">
								<left>470</left>
								<top>70</top>
								<visible>Control.IsVisible(515) + Container.Content(TVShows)</visible>
								<control type="image">
										<left>0</left>
										<top>0</top>
										<width>750</width>
										<height>420</height>
										<aspectratio scalediffuse="false">scale</aspectratio>
										<fadetime>IconCrossfadeTime</fadetime>
										<texture diffuse="Fanart_Diffuse.png" background="true" fallback="special://backgrounds/Fanart_Fallback_Small.jpg">$INFO[ListItem.Art(fanart)]</texture>
								</control>
								<control type="label">
										<left>10</left>
										<top>395</top>
										<width>540</width>
										<height>30</height>
										<font>font24_title</font>
										<textcolor>white</textcolor>
										<align>left</align>
										<aligny>center</aligny>
										<label>$INFO[ListItem.Label]</label>
								</control>
								<control type="textbox">
										<description>Description Value for Video</description>
										<left>10</left>
										<top>432</top>
										<width>540</width>
										<height>143</height>
										<font>font13</font>
										<align>justify</align>
										<textcolor>white</textcolor>
										<label>$INFO[ListItem.Plot]</label>
										<autoscroll time="2000" delay="3000" repeat="5000">Skin.HasSetting(AutoScroll)</autoscroll>
								</control>
								<control type="image">
										<depth>DepthContent+</depth>
										<left>560</left>
										<top>140</top>
										<width>180</width>
										<height>440</height>
										<aspectratio align="left" aligny="bottom">keep</aspectratio>
										<fadetime>IconCrossfadeTime</fadetime>
										<texture background="true">$VAR[PosterThumb]</texture>
										<bordertexture background="true" border="6">thumbshadow.png</bordertexture>
										<bordersize>6</bordersize>
								</control>
						</control>
						<control type="group">
								<left>470</left>
								<top>70</top>
								<visible>Control.IsVisible(515) + Container.Content(Seasons)</visible>
								<control type="image">
										<left>0</left>
										<top>0</top>
										<width>750</width>
										<height>420</height>
										<aspectratio scalediffuse="false">scale</aspectratio>
										<fadetime>IconCrossfadeTime</fadetime>
										<texture diffuse="Fanart_Diffuse.png" background="true" fallback="special://backgrounds/Fanart_Fallback_Small.jpg">$INFO[ListItem.Art(fanart)]</texture>
								</control>
								<control type="label">
										<left>10</left>
										<top>395</top>
										<width>730</width>
										<height>30</height>
										<font>font24_title</font>
										<textcolor>white</textcolor>
										<align>left</align>
										<aligny>center</aligny>
										<label>$INFO[ListItem.Label]</label>
								</control>
								<control type="textbox">
										<description>Description Value for Video</description>
										<left>10</left>
										<top>432</top>
										<width>540</width>
										<height>143</height>
										<font>font13</font>
										<align>justify</align>
										<textcolor>white</textcolor>
										<label>$INFO[Container.ShowPlot]</label>
										<autoscroll time="2000" delay="3000" repeat="5000">Skin.HasSetting(AutoScroll)</autoscroll>
								</control>
								<control type="image">
										<depth>DepthContent+</depth>
										<left>560</left>
										<top>140</top>
										<width>180</width>
										<height>440</height>
										<aspectratio align="left" aligny="bottom">keep</aspectratio>
										<fadetime>IconCrossfadeTime</fadetime>
										<texture background="true">$INFO[ListItem.Icon]</texture>
										<bordertexture background="true" border="6">thumbshadow.png</bordertexture>
										<bordersize>6</bordersize>
								</control>
						</control>
						<control type="group">
								<left>470</left>
								<top>70</top>
								<visible>Control.IsVisible(515) + Container.Content(Episodes)</visible>
								<control type="image">
										<left>0</left>
										<top>0</top>
										<width>750</width>
										<height>420</height>
										<aspectratio scalediffuse="false">scale</aspectratio>
										<fadetime>IconCrossfadeTime</fadetime>
										<texture diffuse="Fanart_Diffuse.png" background="true" fallback="special://backgrounds/Fanart_Fallback_Small.jpg">$INFO[ListItem.Art(fanart)]</texture>
								</control>
								<control type="label">
										<left>10</left>
										<top>395</top>
										<width>400</width>
										<height>30</height>
										<font>font24_title</font>
										<textcolor>white</textcolor>
										<align>left</align>
										<aligny>center</aligny>
										<label>$INFO[ListItem.Label]</label>
								</control>
								<control type="textbox">
										<description>Description Value for Video</description>
										<left>10</left>
										<top>432</top>
										<width>400</width>
										<height>98</height>
										<font>font13</font>
										<align>justify</align>
										<textcolor>white</textcolor>
										<label>$INFO[ListItem.Plot]</label>
										<autoscroll time="2000" delay="3000" repeat="5000">Skin.HasSetting(AutoScroll)</autoscroll>
								</control>
								<control type="grouplist">
										<description>Media Codec Flagging Images</description>
										<left>0</left>
										<top>540</top>
										<width>410</width>
										<align>left</align>
										<itemgap>2</itemgap>
										<orientation>horizontal</orientation>
										<include>VideoCodecFlaggingConditions</include>
										<include>AudioCodecFlaggingConditions</include>
										<include>AudioChannelsFlaggingConditions</include>
										<include>AspectCodecFlaggingConditions</include>
										<include>VideoStereoscopicsFlaggingConditions</include>
										<include>VideoTypeHackFlaggingConditions</include>
								</control>
								<control type="image">
										<depth>DepthContent+</depth>
										<left>420</left>
										<top>140</top>
										<width>330</width>
										<height>440</height>
										<aspectratio align="left" aligny="bottom">keep</aspectratio>
										<fadetime>IconCrossfadeTime</fadetime>
										<texture background="true">$INFO[ListItem.Icon]</texture>
										<bordertexture background="true" border="6">thumbshadow.png</bordertexture>
										<bordersize>6</bordersize>
								</control>
						</control>
				</control>
		</include>
</includes>
