<?xml version="1.0" encoding="UTF-8"?>
<includes>
		<include name="PictureWrapView">
				<control type="group">
						<visible>Control.IsVisible(510)</visible>
						<include>VisibleFadeEffect</include>
						<left>0</left>
						<top>440</top>
						<control type="wraplist" id="510">
								<depth>DepthContent+</depth>
								<left>-25</left>
								<top>5</top>
								<width>1330</width>
								<height>250</height>
								<onleft>510</onleft>
								<onright>510</onright>
								<onup>2</onup>
								<ondown>60</ondown>
								<viewtype label="31032">wrap</viewtype>
								<pagecontrol>60</pagecontrol>
								<scrolltime>200</scrolltime>
								<focusposition>3</focusposition>
								<orientation>horizontal</orientation>
								<preloaditems>4</preloaditems>
								<itemlayout height="200" width="190">
										<control type="image">
												<left>15</left>
												<top>40</top>
												<width>160</width>
												<height>160</height>
												<aspectratio>stretch</aspectratio>
												<bordertexture border="10">thumbshadow.png</bordertexture>
												<bordersize>8</bordersize>
												<fadetime>200</fadetime>
												<texture border="2">ThumbBG.png</texture>
										</control>
										<control type="image">
												<left>25</left>
												<top>50</top>
												<width>140</width>
												<height>140</height>
												<aspectratio>keep</aspectratio>
												<texture background="true">$INFO[ListItem.Icon]</texture>
										</control>
								</itemlayout>
								<focusedlayout height="200" width="190">
										<control type="image">
												<depth>DepthContentPopout</depth>
												<left>15</left>
												<top>40</top>
												<width>160</width>
												<height>160</height>
												<aspectratio>stretch</aspectratio>
												<bordertexture border="10">thumbshadow.png</bordertexture>
												<bordersize>8</bordersize>
												<fadetime>200</fadetime>
												<texture border="2">ThumbBG.png</texture>
												<animation reversible="false" effect="zoom" start="15,40,160,160" end="-10,-5,210,210" time="150">focus</animation>
												<animation reversible="false" effect="zoom" end="15,40,160,160" start="-10,-5,210,210" time="150">unfocus</animation>
										</control>
										<control type="image">
												<depth>DepthContentPopout</depth>
												<left>25</left>
												<top>50</top>
												<width>140</width>
												<height>140</height>
												<aspectratio>keep</aspectratio>
												<texture background="true">$INFO[ListItem.Icon]</texture>
												<animation reversible="false" effect="zoom" start="25,50,140,140" end="5,10,180,180" time="150">focus</animation>
												<animation reversible="false" effect="zoom" end="25,50,140,140" start="5,10,180,180" time="150">unfocus</animation>
										</control>
								</focusedlayout>
						</control>
						<control type="scrollbar" id="60">
								<left>310</left>
								<top>200</top>
								<width>660</width>
								<height>25</height>
								<texturesliderbackground border="14,0,14,0">scrollbarh.png</texturesliderbackground>
								<texturesliderbar border="14,0,14,0">scrollbarh_bar.png</texturesliderbar>
								<texturesliderbarfocus border="14,0,14,0">scrollbarh_bar_focus.png</texturesliderbarfocus>
								<textureslidernib>scrollbarnib.png</textureslidernib>
								<textureslidernibfocus>scrollbarnib.png</textureslidernibfocus>
								<onup>510</onup>
								<ondown>2</ondown>
								<showonepage>false</showonepage>
								<orientation>horizontal</orientation>
								<visible>Control.IsVisible(510)</visible>
						</control>
				</control>
		</include>
		<include name="PictureThumbView">
				<control type="group">
						<visible>Control.IsVisible(514)</visible>
						<control type="panel" id="514">
								<left>60</left>
								<top>75</top>
								<width>432</width>
								<height>576</height>
								<onleft>2</onleft>
								<onright>60</onright>
								<onup>514</onup>
								<ondown>514</ondown>
								<viewtype label="$LOCALIZE[31031]">list</viewtype>
								<pagecontrol>60</pagecontrol>
								<scrolltime>200</scrolltime>
								<preloaditems>2</preloaditems>
								<itemlayout height="144" width="144">
										<control type="image">
												<left>0</left>
												<top>0</top>
												<width>144</width>
												<height>144</height>
												<aspectratio>stretch</aspectratio>
												<bordertexture border="10">thumbshadow.png</bordertexture>
												<bordersize>8</bordersize>
												<fadetime>200</fadetime>
												<texture border="2">ThumbBG.png</texture>
										</control>
										<control type="image">
												<left>10</left>
												<top>10</top>
												<width>124</width>
												<height>124</height>
												<aspectratio>keep</aspectratio>
												<texture background="true">$INFO[ListItem.Icon]</texture>
										</control>
								</itemlayout>
								<focusedlayout height="144" width="144">
										<control type="image">
												<left>0</left>
												<top>0</top>
												<width>144</width>
												<height>144</height>
												<aspectratio>stretch</aspectratio>
												<bordertexture border="8">folder-Focus.png</bordertexture>
												<bordersize>8</bordersize>
												<fadetime>200</fadetime>
												<texture border="2">ThumbBG.png</texture>
										</control>
										<control type="image">
												<left>10</left>
												<top>10</top>
												<width>124</width>
												<height>124</height>
												<aspectratio>keep</aspectratio>
												<texture background="true">$INFO[ListItem.Icon]</texture>
										</control>
								</focusedlayout>
						</control>
						<control type="scrollbar" id="60">
								<left>500</left>
								<top>70</top>
								<width>25</width>
								<height>576</height>
								<texturesliderbackground border="0,14,0,14">scrollbarv.png</texturesliderbackground>
								<texturesliderbar border="0,14,0,14">scrollbarv_bar.png</texturesliderbar>
								<texturesliderbarfocus border="0,14,0,14">scrollbarv_bar_focus.png</texturesliderbarfocus>
								<textureslidernib>scrollbarnib.png</textureslidernib>
								<textureslidernibfocus>scrollbarnib.png</textureslidernibfocus>
								<onleft>514</onleft>
								<onright>2</onright>
								<showonepage>false</showonepage>
								<orientation>vertical</orientation>
								<visible>Control.IsVisible(514)</visible>
						</control>
						<control type="group">
								<left>570</left>
								<top>80</top>
								<control type="label">
										<description>Title txt</description>
										<left>0</left>
										<top>0</top>
										<width>640</width>
										<height>15</height>
										<label>$INFO[ListItem.Label]</label>
										<align>center</align>
										<aligny>center</aligny>
										<font>font24_title</font>
										<textcolor>white</textcolor>
								</control>
								<control type="image">
										<left>0</left>
										<top>30</top>
										<width>640</width>
										<height>470</height>
										<texture background="true">$INFO[ListItem.FilenameAndPath]</texture>
										<fadetime>600</fadetime>
										<aspectratio>keep</aspectratio>
										<bordertexture background="true" border="8">thumbshadow.png</bordertexture>
										<bordersize>9</bordersize>
								</control>
								<control type="label">
										<description>Date time txt</description>
										<left>0</left>
										<top>510</top>
										<width>640</width>
										<height>15</height>
										<label>$INFO[ListItem.PictureDateTime,[COLOR=blue]$LOCALIZE[31326][/COLOR] - ]</label>
										<align>left</align>
										<aligny>center</aligny>
										<font>font13</font>
										<textcolor>white</textcolor>
								</control>
								<control type="label">
										<description>Resolution txt</description>
										<left>0</left>
										<top>535</top>
										<width>640</width>
										<height>15</height>
										<label>$INFO[ListItem.PictureResolution,[COLOR=blue]$LOCALIZE[31327][/COLOR] - ]</label>
										<align>left</align>
										<aligny>center</aligny>
										<font>font13</font>
										<textcolor>white</textcolor>
								</control>
						</control>
				</control>
		</include>
</includes>
