<?xml version="1.0" encoding="UTF-8"?>
<window>
		<defaultcontrol always="true">50</defaultcontrol>
		<menucontrol>9000</menucontrol>
		<onload condition="!Skin.HasSetting(FirstTimeRun)">ActivateWindow(1112)</onload>
		<views>50,51,506,507</views>
		<controls>
				<include>CommonBackground</include>
				<include>ContentPanelBackgrounds</include>
				<control type="group">
						<include>Window_OpenClose_Animation</include>
						<!-- view id = 50 -->
						<include>CommonRootView</include>
						<!-- view id = 51 -->
						<include>FullWidthList</include>
						<!-- view id = 506, 507 -->
						<include>MusicInfoListView</include>
				</control>
				<control type="group">
						<depth>DepthFooter</depth>
						<include>CommonPageCount</include>
						<include>CommonNowPlaying</include>
				</control>
				<include>MainWindowMouseButtons</include>
				<include>BehindDialogFadeOut</include>
				<include>ScrollOffsetLabel</include>
				<include content="CommonWindowHeader" condition="Window.IsActive(videoplaylist)">
						<param name="Icon" value="icon_video" />
						<param name="Label" value="$LOCALIZE[31059] - $LOCALIZE[14215]" />
				</include>
				<include content="CommonWindowHeader" condition="Window.IsActive(musicplaylist)">
						<param name="Icon" value="icon_music" />
						<param name="Label" value="$LOCALIZE[31059] - $LOCALIZE[14216]" />
				</include>
				<control type="group">
						<left>-250</left>
						<include>SideBladeLeft</include>
						<control type="grouplist" id="9000">
								<left>0</left>
								<top>110</top>
								<width>250</width>
								<height>600</height>
								<onleft>9000</onleft>
								<onright>50</onright>
								<onup>9000</onup>
								<ondown>9000</ondown>
								<onback>50</onback>
								<itemgap>0</itemgap>
								<control type="label" id="200">
										<width>250</width>
										<height>35</height>
										<font>font12</font>
										<label>31006</label>
										<textcolor>blue</textcolor>
										<align>center</align>
										<aligny>center</aligny>
								</control>
								<control type="button" id="2">
										<description>View As button</description>
										<textwidth>235</textwidth>
										<include>ButtonCommonValues</include>
										<label/>
								</control>
								<control type="label" id="201">
										<width>250</width>
										<height>35</height>
										<font>font12</font>
										<label>31026</label>
										<textcolor>blue</textcolor>
										<align>center</align>
										<aligny>center</aligny>
								</control>
								<control type="radiobutton" id="20">
										<description>Shuffle button</description>
										<include>ButtonCommonValues</include>
										<label>191</label>
								</control>
								<control type="button" id="26">
										<description>Repeat button</description>
										<textwidth>235</textwidth>
										<include>ButtonCommonValues</include>
										<label/>
								</control>
								<control type="button" id="21">
										<description>Save button</description>
										<label>190</label>
										<textwidth>235</textwidth>
										<include>ButtonCommonValues</include>
								</control>
								<control type="button" id="22">
										<description>Clear button</description>
										<label>192</label>
										<onclick condition="Window.IsActive(musicplaylist)">ReplaceWindow(music)</onclick>
										<onclick condition="Window.IsActive(videoplaylist)">ReplaceWindow(Videos)</onclick>
										<textwidth>235</textwidth>
										<include>ButtonCommonValues</include>
								</control>
								<include>CommonNowPlaying_Controls</include>
						</control>
				</control>
		</controls>
</window>
